"x11","x12","x13","x21","x22","x23","x31","x32","x33","m11","m12","m13","m21","m22","m23","m31","m32","m33","y11","y12","y13","y21","y22","y23","y31","y32","y33"
1.57382074430557,1.12966224364275,0.130092880185412,0.217222894809751,0.104183066240518,3.78325147129977,1.94461661284092,1.91713371269211,2.82612769162887,-3.27433548771738,-3.06113742072035,-2.76566312829213,0.461264920455685,0.98568667173247,0.252965438937861,1.17170403141471,-1.93632225632532,0.143575243665359,5.81852780217542,2.70033964969153,4.01706498287987,5.49288337487587,6.56140991285185,7.48274277294202,4.88366838626348,2.35687708068927,3.08494603147577
1.83761748457036,0.81426204464406,1.56231749638018,1.19984494094769,1.21524775401208,1.20036040724576,-0.660069014627444,0.723239390576887,0.765129183685061,1.83878495524659,-0.95525056877211,1.52904932052176,-1.70106869269171,0.748434102400562,-0.182805739661023,0.573443554048252,0.536471562445199,1.1545225604381,1.50549706761051,1.41058182364254,2.15225179270144,0.798593867266706,2.47571705133687,-0.311686781528161,1.67096350365776,1.31415610448035,1.87491679753806
1.02096997564524,0.806106627639681,1.50180694715667,2.47688544962558,0.911876568330548,0.470034879066069,0.785759691969022,1.23164606323809,-0.256476570089062,-1.76486416452964,-3.66490287325838,-0.0238888418958718,0.427169838876783,1.4907458873579,0.340609230507464,1.61883117978963,1.06511129410951,0.771587790595238,-0.0098028513174887,-1.43851361815529,-0.270560141947566,0.965807451125155,1.74218723235245,1.61727436743189,0.0601061464833932,0.386783234700714,3.34194451312307
-4.44755121449789,-2.53847714871337,-4.66519818443639,-2.0780551048581,-3.14935834929999,-1.0864796690535,-3.16969921724806,-3.8172047709905,-5.32144013398888,-3.6681989936154,-4.98296788445434,-2.2313526805876,-1.35016985114323,-0.1453518561637,-0.331071721564679,-1.24682705908833,-2.29592887735283,-0.617306032006347,-6.59213411184566,-5.34416279060234,-7.84503167128282,-6.22783324823315,-7.88131584513858,-6.40403620609398,-5.13204018979783,-5.94285536210273,-6.82713717972675
1.46508672103243,0.588190331513589,2.48968345013533,1.67131665190639,2.62045697298661,1.52097814921578,4.93956411367708,2.89554554032439,3.04492695335484,2.56820312850842,2.43324887630555,0.380112834797314,1.19737630311187,1.78675851582172,1.97251103130302,4.06153183739208,3.96237269625993,4.12580552173128,8.92548033115409,8.07933903839995,6.06171152672491,4.02421706576873,6.06005423234255,6.9314362776829,7.561719933669,8.26863524780128,6.47175554425236
-0.0657095522459955,-0.955093392479929,-0.725288317299052,1.29332073153709,-0.220469696622521,-3.08389415804186,-0.175878903653886,-0.0460722233574084,-0.94723067260476,0.360987679941973,0.549374039218175,0.432288715306948,0.751588842203926,0.272849780034175,0.0403480181341115,-0.0754298824621406,-1.00577820156147,0.93375276985566,2.99421141021851,0.278134714180361,0.241551148719439,-0.670021672312138,-1.65521581550211,-2.15706571017731,1.00457667898854,2.27853097884922,-0.102803746424969
-2.06772636679018,-1.07604808676784,-0.407744803187479,-0.604670584863356,-0.440822519217692,-0.83875424627064,-0.277053418058016,-1.67856516887796,-0.530229291713359,-1.27818102675614,-1.08266667929917,-1.28600999882598,-0.849270729143951,-1.34316617918163,-2.20859087040711,-0.715367811580372,0.718060066125821,-0.311207633488445,0.635323991519443,-2.16147649185646,-1.25016959105568,-0.26586415357142,-0.717202503132007,-0.0571769039307966,0.00732800890934114,-0.769823105015622,-1.59533559776211
-2.62363081025505,-2.12151375811543,-2.56988797896698,0.218665055055233,1.06375954632608,-0.521620306554952,-0.330003887021776,-0.419752869993809,-0.249705680610891,-1.96651125452502,-2.29477847497688,-3.69947765816801,-1.17748175691833,-0.544465367561904,0.133343844475205,-3.71664367598541,-2.07388797223064,-4.11178975577275,-7.96552033744553,-8.26649403465631,-5.9384386929657,-4.58219423752438,-4.42206027299148,-4.36826195738853,-3.23538553593582,-3.83943999470163,-4.51609391527127
0.432679654174891,0.469208855640628,1.23036047918579,-2.4856036707565,-1.30955425422085,-0.211363100626802,-0.693724731503811,-0.811220177036376,-1.93883055169833,-1.39018372296522,-0.409788726795772,-3.22714844613067,-1.32313556925537,-2.17593386092285,-0.916348496639582,-0.881559226839968,-1.17618940895419,-2.59362108741245,-1.10895512617479,-1.68447942918439,-0.908105831069621,-2.41201837033904,-0.598582263128453,-1.98438506045355,-0.955760089191038,-1.84696328127336,-1.22286949225427
-0.866145971111764,-0.963848162878352,-0.20900376497409,-1.70242414234228,-4.86236347920077,-3.93774989638931,-2.03305022366038,-1.88952576041743,-2.1564045184545,-0.621539879287588,-1.55672908138457,-0.265734953231735,-3.06564693928379,-3.27782260916766,-4.29018664321669,-0.0279279675017293,1.05856975871399,0.0198913404167045,-7.42812180901993,-6.34922300786066,-5.85181982974164,-7.039023371971,-4.82204065284255,-6.66273977571702,-6.42594739163961,-5.10281024225214,-5.2076849965913
0.638275923057826,0.976615430095384,0.297133759895105,0.450378366084383,0.866023593541579,-1.08428125673831,1.0264597319693,1.17189419143345,1.93731724329533,0.854569183354807,-1.25456834888455,0.482572306156374,-1.12620312552569,-0.494493952060881,0.50248823078869,2.87263000200597,0.745656988144298,2.1468594981076,4.83357992641482,5.78956356066745,3.68383729991442,4.08519181770733,2.91491128304207,3.04494818020265,5.32066181022241,5.78368611131388,5.54609509769012
0.11962313518919,-1.95920875893599,-1.67852260203898,-0.897000224107797,-0.879734564806567,-0.0314939992193031,-2.64925606440961,-2.33263470302814,-1.277447712327,-1.21221055102025,-1.85119384546163,-2.02725964619352,-0.897483164302074,-2.44127402495989,0.419599879376474,2.41788583891613,2.36961996559129,0.755619380121147,-1.86866630055399,-2.48507603089686,-1.54804238021302,-1.1383551519655,0.403321569511017,2.17442167037689,3.1892919816506,-0.357034898617935,2.03162839127612
-1.43562923045674,-0.654878230141863,-0.908113590230971,0.186275249606144,-1.33867699145037,1.24718710354356,-0.768551797550168,-1.02757799886611,0.0292617730864227,1.86484553182014,2.77226338620446,0.699124645474546,1.86634892464491,0.878986745148307,1.44407937528678,0.605046396372375,2.71883877356935,0.220023815062352,-1.59036964249975,-1.62395348531102,-1.49164134842439,-2.01567988763776,-1.81460288668935,-1.58171408255675,0.970937681325349,-1.83765534113239,0.45680610461127
1.07522943925236,-2.277480594197,1.60267500488603,0.258247273726356,-0.181930141339615,-0.337581595192073,0.597705777537139,-0.769813205027923,-0.905765765714586,3.59226044421975,1.95168802620741,2.2337230288796,-1.29089643103058,-1.00387965204286,0.50135725688678,1.1787697167729,0.417255350707005,0.817114389717913,-2.06170154453959,-2.71395864244013,-0.283534447278661,-1.86321192129571,-1.19432837019853,-1.51387310082226,1.13515368689673,-2.49858600200831,-0.670725169610203
-0.706839991048748,-3.13472630082977,0.459079431165418,-0.0785680209817072,-0.0949977110175373,-0.688640045553957,2.31685475592488,2.48791480437612,1.16078910241659,-3.0626026941832,-2.00463117333844,-1.62355929088533,-2.0514517737013,-4.98151112316738,-0.191328198152097,0.124674889707467,-0.87251945466929,-1.14979152584483,-5.54843779737883,-4.21527890023587,-6.65508428072532,-4.05087350881749,-4.37027149116332,-1.40415753629218,-6.44932454943488,-5.49723124817172,-6.83663451263834
0.942621121937197,-0.469679744236181,0.562378326160141,-0.896281172317237,-1.02446565930784,-2.89592429477177,0.380452298685835,0.502499127333451,1.29219758480084,2.29713436871429,4.60374251196948,3.55033620672099,2.24173383476775,2.56808094157459,2.54936048168889,2.86593645395264,4.82131717138798,3.76970366498915,1.96008320237087,3.14616017717619,2.21505905860531,4.02915270644396,5.57110769874256,4.41275932907728,3.49440725384527,3.10483740067734,4.39745266955274
-0.11802093780405,-2.77560084265122,-0.175355333380603,0.634961827685424,1.28022535943222,-0.540339431145927,-1.15088915004899,1.04355284615638,0.355422605836156,3.46318020184938,3.92003965378577,4.80122668655302,4.36382867461514,4.07202699417974,2.51656071073563,4.4096092609044,4.37111735673745,5.84617689482145,4.64925490504663,4.77819097568462,4.95470332209759,5.54145736989756,7.731364140837,6.81360660231173,3.30876262726735,4.19333506519023,3.91426504009761
-2.73573475638085,-2.67964378713174,-3.60339338858512,-0.648424652245217,0.190811893703811,-1.94837334768957,-1.04659422169624,0.99429115529146,-0.680327872603809,-0.0298081643224463,0.427646253639372,1.81647044254894,-0.091794100009864,0.281768026294898,-1.98935717201496,-1.11076167342626,0.814705995485184,-0.29675960788222,-0.756566170251652,-1.94776505217745,-1.84093467988558,-3.16870828699211,-1.66487501267507,-2.36714230589239,-0.345797465628177,-1.049380495817,-1.13338139606188
-0.32836541091037,-1.43664181139945,-0.906521929362565,-0.344673119740896,2.43707393756437,1.2745236611708,0.995901591318112,-0.982202640201373,-0.866980602794822,1.250814403654,-0.699955628384149,0.910756829932079,1.55436223453594,1.38186332866822,0.858912645818638,4.23158999627922,0.947924218815168,4.95694950414583,0.151208035903871,-0.42160530052636,0.00158811588736163,0.0728214829112319,0.412270121683576,0.202948080171474,-0.0742304628399696,0.691551872656129,0.0320180147026013
1.52156866199978,1.10551390933177,0.311267361602973,1.21641619267585,0.754635139564357,1.69234321644416,0.306592152546713,0.714760053013454,-0.711943825953961,6.24371367305187,5.9741657024194,3.97270165401739,2.49452385296868,1.7464127905742,2.43491777122227,0.72336371175316,0.198147757785762,-0.26952153806585,5.65037982599751,5.63141349576472,4.5564533453075,3.91176128269294,2.88204560411404,4.72359687777705,6.16676364227368,3.1166673110797,5.48345419527311
1.73620507811068,-0.583969858522271,1.01418874300871,1.28155277667532,-2.04874384062197,0.49844122688212,0.627803574207978,-1.81173061087793,-0.239417326658847,2.59554136722232,1.50670695895753,0.340907659226034,0.134251717582844,1.26104287469686,0.439603934066464,0.781294969902028,0.439347535089723,1.64809083821411,0.750534812234522,2.83229015737417,2.50215844145189,1.46212669932535,0.288634209491594,0.880528508545072,-0.381571398591061,2.11462314940237,0.0296332972649253
-0.77997927821441,-0.598993488081469,-1.34276792903337,1.38033895095456,0.51652917371384,-0.115541750417841,-0.521037494127324,0.184829422489845,-0.535809952892067,1.38230651151774,-0.474386065574883,1.37477449546084,-0.149535214388076,3.08078721752491,1.69397007640719,2.36626536637444,1.04772709273861,2.21724595378005,2.65231010563646,2.69035588278915,0.375063448308683,0.0245022768835456,1.35179035240785,1.02548535130753,1.5374453740136,-0.417105887324153,1.0413142627899
-1.29411877706122,-0.00221425156480126,-2.13664359901797,-0.43737829594755,2.33098614185628,0.719309489237651,2.74872731759445,0.00356284197077716,0.591105348475516,-0.508806120828637,0.149210197556021,-1.01205117076359,0.935670881763031,0.496023928033845,2.83507957308766,-0.1574404589423,0.148947653329707,-0.253619542690386,3.35494862553173,2.06232446244826,1.62074473765246,3.42428446976943,3.37486732391474,2.54583055153954,1.3927849695738,1.46926094417181,3.34978412473298
-0.2211947225451,-1.40404827591706,-0.280221633189433,-1.35899864665442,-0.398758348765089,-2.20778471708102,-1.27877472091826,0.101772571319943,0.128938882538777,0.395563659275416,1.59134621635994,0.624838771084766,4.15385316213187,2.271168330991,3.04454669542728,-1.94020175551173,1.54236388476158,-2.8787245315846,-1.85431383101964,-1.21901548894684,-0.834709005246778,-1.48284861328361,-0.964631209579686,0.0275013665178845,-0.381168281369569,-0.0274662900703045,0.688985093314848
-0.583081399829773,0.438014376108121,-0.691196098091641,2.57268005674297,2.61817826599075,3.97812445878681,-1.39771060520659,0.226759687327668,1.31634082437116,4.06267126332699,3.3736341507562,4.61793584902727,4.51224216198287,4.45066031314826,2.96592360961898,3.64775805555131,2.65887185257364,2.90371152236588,8.35492577114329,8.22521609390683,9.51758290443806,7.88771572172473,8.23747851458583,8.39653280378497,9.15104198946311,7.80691767930089,9.97250938556641
-1.31850128357991,-0.340180486852337,0.0199777604179672,-0.286199426519329,0.713010557474897,-0.264652108622506,-1.35225218075561,-0.798081950949289,-0.458240938269299,-2.47717908569702,-1.23729760104753,-1.12701458041792,-2.44608849663932,-0.741643539788643,-2.65201926565791,-3.2804983787244,-5.68889439614187,-4.47136029382858,-1.55105349026801,-2.24113191475727,-1.55834047274432,-4.12654951911244,-2.59977260220381,-3.04496508466906,-3.30247069092904,-3.61147925893905,-3.00029532321113
0.109497624793625,2.32065591488028,1.86283090322953,1.48589786154753,1.20326852998455,0.763891524454682,1.50292212718862,0.715483333999118,0.446608902675146,0.187820651787087,0.332598657393572,2.41169782353657,0.535651472653722,0.442204610241131,0.516654832125977,-1.26475431359269,-0.542520253320825,-1.82783807230496,0.178262468862222,0.517742476307369,-1.29804639034977,3.63030697473519,2.61810249014252,4.88963159245804,3.02297867777526,2.55794944930424,1.37595132250437
3.06486912955337,1.19605119557564,1.08159257033688,0.191894469687584,2.15788986430317,2.85476284098792,2.25649559042339,1.49104699903975,1.23397229970632,-0.517034601459139,-0.601651435599786,0.814903043531711,1.27038087668518,-0.0664387325397268,-0.691150144121203,2.45090859726586,4.30449898862048,3.59530298228679,3.81866472920413,1.83542082001502,2.22852601254259,3.5778505936141,3.35964001267079,3.08321141502435,1.44494132217656,1.61558644665373,2.60351311634085
2.56837206978531,3.62535619313834,2.04018490674714,1.88217103204004,0.61004340303869,2.43871315764298,1.9056649089722,0.483044072015696,1.10827771964262,3.80178232974915,2.81499666745183,2.62377282626706,-0.534540554807523,0.460062369991887,0.120490918947533,1.05093412543221,0.256865942015484,0.834325974479128,3.96388626329358,1.92189383871836,1.58711632077157,6.16720567996612,2.65893738957558,3.74678600345901,4.13240545053094,2.69459123555761,2.4709315399502
-0.218650283695546,1.02253216811316,1.58944694444608,3.28348458795703,1.69679049259865,-1.28213551441797,-0.409000026931698,1.601568162927,-0.70888165104597,3.11721948102772,2.02420808057959,2.16171955020857,0.681657857657266,-0.640715143438019,-0.0918736148374054,1.54081116290847,3.51981615182739,3.72825993630897,5.15409778427648,2.06658585202245,3.46976944775002,5.87202848334043,5.67595370537715,6.47024035503668,4.42749289635037,3.21639228563798,3.80688292881773
-0.446511541684598,0.275331622195713,1.3512069867035,0.547471035520762,0.820091535651649,-0.367985051770982,0.637383152727598,1.60332869492359,0.0929193810373983,2.1296251713367,1.30285293139218,1.38877439333531,3.15886322485735,0.89356407996312,2.14259875433242,0.715908213456435,-0.804619735288962,1.0643677815279,4.92762022579722,5.43402247733594,6.23077291883759,4.7815937451192,6.05441287492461,5.40869288202832,3.43048665286468,5.46640253606944,4.30413720611793
-0.418384941378551,-0.464105018569553,-0.903876717203584,2.69445882846603,0.397618645960859,1.98046476576013,-1.42014714166308,1.82479481556928,1.68219551433662,2.61378202645829,2.3631401923619,2.33702216513498,2.43792963783661,7.17313994021028,3.41767897183215,0.966067358910293,3.10016503494547,1.84049184474495,3.4432247005339,4.31849403744875,3.21189677479938,3.3411405253801,6.37179569650312,4.67857507282336,4.27329249597219,5.26423960948762,4.42848391466727
-1.64061078201539,1.02718079423131,0.0143011044274625,2.91466451639635,2.54349820849339,1.11068035129509,1.40687624590802,0.947007674602568,0.114379701918849,0.271386293510358,-0.622727825359939,0.252692015199438,1.11477918058868,-0.973809069414013,0.117724603808802,0.903268475573753,0.306228406050963,1.45980533419553,4.08432394536605,2.33165514673983,2.82463417512344,2.6476280109595,2.69784760710728,1.89966245235154,3.66495963276345,3.00890234922068,4.05934682208146
-2.25849415946644,-1.81616497217477,-0.227695327367806,0.0476532861873205,-0.411776448008706,0.196207631057555,-0.671866286399176,0.0440874115711494,-1.29622269497042,1.23547400506333,-0.366956947943062,0.862225660100568,-1.10174435947071,-2.87821639329707,-2.36508904963513,-1.91431797059914,-0.304502102255926,-1.29675563759574,-6.58138185294458,-4.33790197975914,-5.03046014893097,-2.06598876850362,-2.76880096883654,-2.60992467655629,-1.45547825026753,-1.96756242982757,-3.22608369790233
-0.912271175004486,-1.89901484152533,-0.996561202128034,0.908264284034001,-1.2849242881473,2.4238937834125,-1.81281978269639,-0.737804369901854,-3.21547747838219,0.0976882613873179,-1.1439669811441,-1.2233462091415,0.183859020762303,-0.154372724783533,0.642456367135728,-1.20897376146391,-2.27027442529369,-2.30156190454259,-0.381247820616573,-1.25031057011859,-0.612531752283178,-0.556223634789149,-0.0593984195230605,0.219382411378681,-0.0661500233627303,-0.107195251705128,-2.04465848474563
0.105634641516065,-1.75405878788029,-0.0719357023565735,3.05743886914183,2.0393835748876,1.60274295927197,0.259158406946088,-2.63027594978283,0.144393684617862,-1.68613951843163,-0.658482582090635,-0.619601001757799,-1.93337379252219,-2.79637340139156,-2.52462803856006,-0.117532672212012,-1.81580597011092,-0.780771865807507,-2.05944188151583,-1.53661696069857,-2.87872951849879,-1.34526158931447,-0.919757710125417,-2.94274830485109,-3.56015631061827,-3.83160850595812,-2.24997188263035
-1.25379175001288,-0.769410146212143,-2.3961749329238,0.895916024591673,-0.298997666747353,3.03892328987811,-2.30661179128085,0.898432195377436,-0.796041178225841,0.67390903733177,0.251715935565941,-1.99965605443674,0.249531328553579,-0.285036561570772,0.690935818694734,0.461933155398158,0.932342415235315,0.152920745911504,-1.3446121718114,0.51924602587986,0.352523702483924,-2.04853733757458,-0.957817258096759,-1.51506513955753,-0.704257837173892,-1.34653405929093,-1.97461067660029
2.21544997868593,2.35502900039769,0.0744546104284285,-1.06863881359766,-0.381921539639109,-1.44682597679174,-0.204424544708528,2.04469296982225,2.05528462580542,-1.74098273627667,-2.11259263871787,-1.76211992264714,-1.50399461949062,-0.476892628206859,-0.768708304773294,-0.160286571692582,-1.65976668819043,-1.39181554418072,-1.94090710801869,0.558798763626289,-2.29817894528598,1.37378788806226,-1.05211646983681,0.62244489138447,-3.00857467191083,-1.47475820178672,-1.66496061809418
-0.929842628493947,-1.66502160469593,-1.51949670994107,-3.74825251611563,-2.14184831375046,-3.30775351623778,-0.875844910646876,-0.496782395882126,-1.0728145662271,-0.379239926382936,1.41875095992315,-0.330408736265867,-1.07136177098419,0.545122806205082,-3.13644261556797,-1.59973493628746,-1.48298880989125,-0.921278624544994,-4.88469943985099,-3.37776077297002,-3.970805071357,-3.10791680051629,-2.25491241198313,-1.35219583962094,-1.92932553803525,-1.26009534676989,-1.82070303359379
-1.04187163643487,-1.59928993536046,-0.464133272017164,1.85336610757906,0.642311537003389,-0.377632915946725,0.621211520252666,-0.308398751591449,-0.807764808718537,-0.125761063411772,2.71211153210643,2.59256026563478,0.566709282272549,-1.17216084485267,-0.971596049810416,1.0628349913435,-1.8443077147645,0.682587865769507,0.424901480901043,0.0425695158281095,0.214892819783205,-1.34135205255551,-1.00328228246389,-3.04985187752991,-1.59860582405995,-1.94360146896476,-3.38793673439633
2.57780307114698,4.0358439170876,3.66415645492421,1.97290060337503,-2.78078413816451,-1.76320762186044,4.13748724737323,2.10044082388712,2.59571603462156,2.42350833227582,2.18063723848683,3.65575803400083,-0.253037566994677,1.33488490409837,0.128428093037522,3.47461781401447,2.51067870522661,2.56199433882921,5.2792730536956,5.60125777981582,7.7323355198834,8.17552120708762,6.11599531585995,6.83310520772427,4.62153783401167,5.55989744247878,4.95285479486158
-1.29257510240794,-1.59777396988687,-0.987851190588897,0.75074262326389,-1.96595104464974,-1.31121749843806,0.171883166830159,0.450604286073303,-1.57900902860204,-0.182142101918535,-1.16413960673013,-2.27643157352271,-1.56836791066198,-2.15397369858267,-3.76950368806647,-4.73540732303263,-2.90146682067426,-4.41715542373736,-8.62973657992232,-7.99602251149854,-9.0354708259265,-8.4233505347638,-9.16364473813865,-9.18731213341287,-9.23337981108406,-7.17987467174197,-7.26375148455667
1.83712559849965,1.32276715542672,-0.115413588526387,-0.892016631802782,0.224239062082298,-1.1553638530668,-0.591434295824125,0.897307218695054,0.0778984441080267,1.10618663599095,2.13995896712675,0.296721368776906,2.81339698832279,2.40281135088363,1.35189713640574,0.321664217513229,1.76207032615944,1.96275554859343,3.88772267248644,1.91029774377329,5.13796510228041,7.71177335124708,7.07842496235787,5.32504433779676,3.67941782146412,3.5649845528782,4.54292449648559
-4.89218682429619,-2.55519188727637,-3.43285664539287,-3.65130530380058,-3.6274949423745,-2.80671451630458,-1.81211463243895,-0.279266664646428,-0.487409588213362,-1.78467111151045,-3.31515424832159,-2.92994470280322,-3.65211831242175,-2.07563066310917,-2.79677509817653,-2.82085965806076,-3.67640539428399,-3.54873584176276,-7.85503284068463,-8.98583087334823,-6.7645117488091,-8.00765862232865,-6.05899339192874,-4.69810538676493,-7.78111304009815,-5.66793775253805,-4.69914823733551
3.8596564180164,2.09395682417968,2.77278450373244,2.37666104057773,2.90508609035814,4.23788835146104,3.65665095345532,1.45137250376493,1.91715395076434,-0.992984898842235,0.232815612291213,-0.345011773783065,1.6979437311312,-0.318494097038387,1.58801547789983,-0.309562108858628,0.706961446112762,-0.112363227131854,5.16112718336234,4.11889438071518,5.6457498109831,4.5708957510286,3.76922191362904,4.87928531057106,4.32061543797278,5.74729383220651,3.93972043027314
-1.18520421117452,0.339102910663891,2.3229027077104,-1.21070331960598,-2.27143699985392,-1.54755757368843,-1.20950204476448,0.0860999841738501,-2.39326608636516,-1.22881127538003,-0.520743636006063,-0.419662993036509,-1.40918137779724,-0.849051064439491,-1.03956031961503,-2.98546042739373,-2.52738726909615,-1.42008572206556,-4.07713502074397,-3.46089321053608,-3.73268537179397,-5.13088401352755,-5.53946299208072,-4.52809414763651,-6.09071415894861,-7.3943464745497,-7.35482137207082
-1.82942777208454,-1.90350092675985,-1.43482867040413,0.441873747382988,1.70104977469622,0.376634652103415,-1.03271774857123,1.55689073272042,1.14355494314187,1.5159025643424,2.553248395134,0.24113533940171,2.01090054539152,0.98220344882061,0.979820091523157,-0.362995393639255,1.21087660622363,0.219060481147543,3.09653588266887,1.24779350347171,2.57268523748878,5.65827533107583,6.01190548246045,6.74945633865634,2.75552652380323,3.69780957489652,2.4239413430073
0.639431047343381,2.07938372785351,0.565474478188208,-1.55665766290229,0.162473506463358,1.3150769762895,0.530332209477335,-0.471445975502996,-0.244394726451079,-0.437070099325193,0.334842756195835,-0.453067174249738,2.40114496948978,0.775031928592661,2.90706367626431,2.54752125933982,2.46004300166353,2.29113597476933,1.73266851037982,1.49600657410301,2.52840397901425,3.14807718662647,3.6918710259292,4.77738247598017,2.9769649241915,4.51020889246381,4.74840888778062
-3.58046991440475,-1.16612359661192,0.94898841132297,-2.71297842901145,-1.29722139451435,-1.21565493126575,0.987926798850621,2.32260745015702,1.05359855814237,-0.64146135014984,-0.705531734944298,-0.380755054806612,1.7232699337839,1.41378513126036,1.23560199867466,1.594467431715,1.32942673173279,0.632132422040892,-1.05420818992817,0.596448430177065,1.54237613818757,0.835939417245418,2.25122139362373,0.14991414329095,2.66392409503824,0.782457372345288,1.06681181395677
3.11528343695077,1.15522989353406,0.783705552318309,-0.883665727627432,-1.51915837360955,-1.26238341298388,-2.19114346840878,-2.22253259433127,-2.09504313310195,-0.458120567489786,-0.95666106162384,-0.72482616270508,-0.106444020377678,-1.6192306833863,-3.91669880839717,-1.88690708166172,-3.43660189699437,-2.73953001199037,-0.983392019971303,-0.947816815754075,-1.60306015032447,-0.613359907565738,-1.5043410558796,-1.9715830350042,-0.105175871744629,0.245545338467885,-1.53916820851934
-2.87060801001165,-2.36760244898368,-2.76862938327165,-1.98273944331116,-0.991832609724325,0.434354552198286,-1.44094254055026,-0.164926652292149,-1.61942795143231,-0.119585366985694,-0.743724147824887,0.585371603218233,-2.51115905374319,-1.11243468214567,-1.80448581111599,0.536127059822152,-1.44780379456186,-2.44397169570471,-5.54747932716349,-5.36988655543037,-6.18338190881627,-2.82939591656605,-3.70528298278374,-3.69219262688145,-3.715711848188,-4.40905937695691,-3.0511961141539
-2.32643530097913,-1.27902503073219,-1.14946863565986,-1.81983011554159,-1.15483684740931,-2.23727003613393,-3.01218184797882,-2.38438395958022,-2.01077470105744,-0.467850334757275,1.40775526875092,0.417935755134447,0.185184154398275,-0.373072253975683,-1.18318311556545,-0.625428136311693,-1.10731385101816,-0.0412736642267563,-3.62203633841454,-3.47254856462325,-1.32783464909333,-1.99435081342617,-3.97737422338362,-0.925346059486643,-1.67526164058872,-2.08299097878989,-1.5069816812615
0.432221144115211,-0.205728986580251,-2.07331695499857,1.01683291722063,3.17821775845431,1.26558393846667,0.235649183638165,-1.45860609231519,-0.493184806981305,0.741890708424746,1.07765275778918,1.03950773306708,0.235327784345885,0.0878841206316827,-0.308330189081953,0.878064126649337,1.7916697735153,1.64405052998395,1.80654816670721,1.98821054920082,3.42509145821454,3.36138601402899,3.3892649408382,1.28283712176918,0.652866790792465,1.55729316019022,2.44498116751987
1.25216053334029,2.48224999181929,2.60493085878554,1.10384176527478,1.50806256593627,2.36137016788439,1.398820408609,3.27039792796934,1.05995369498326,3.8344426918137,3.80128202112282,3.62361983969875,1.79417287256274,1.90339343262667,4.35371767901032,1.17855434929764,1.97271536077904,2.21459043170066,5.72755215404235,5.25505424970971,4.24127419912381,3.68855905494032,4.01795208816648,5.05591995460109,7.0495094220184,6.52190014592292,5.82556029577373
-0.850435720310506,-2.77993331605753,-2.00396563950923,-1.57968627576001,-2.97686702614001,-2.10581163238899,-2.21107379748681,-1.94256270586586,-1.59002538600858,-4.83579953717134,-3.40516346325985,-2.13219441922488,-2.32014360357748,-1.20047063178437,-1.0109980588564,-0.486264537000368,-0.429021368328449,0.985154771576041,-4.97769113991653,-5.90353526263981,-4.31726028656787,-3.67944209189822,-4.11996127547131,-5.13985524480045,-4.57386581047568,-5.35452442747081,-6.73318615113755
0.811508896609327,3.29053115453032,2.27867189289501,1.07270067938694,1.7029677872185,-0.0106519098858807,1.19469908855402,-1.33272160392573,0.865761802888225,0.625354139692151,-1.29095822779051,-1.73714226089561,-0.841319361480137,1.56389680228822,-1.88340952409378,1.01432320170797,-0.417315459143342,-0.345387937288078,0.827520058599329,-1.63282407914538,-0.368288403394536,1.15565752748498,-1.09398056135708,-0.419807797307032,0.128847903816248,0.565724603208855,0.979908667978081
1.60631240107333,1.43742076281112,1.84702626995701,-0.615493988088103,-0.147365932935127,-1.2979448824312,3.32987454443046,-0.154660571141088,-1.5324142750506,0.333174871888934,-1.9632582780102,0.18533027663321,0.0943488776842955,-0.962809753103534,-1.21872688191291,-1.23929524401853,-1.00694187670968,0.524297633201114,-4.34921829381541,-3.96050678641843,-2.30693372325602,-0.822735865906119,-1.6220676158061,-1.75858476144465,-1.98289949306816,-1.907112748092,-0.858129695257388
1.89432863198493,-0.24075282297853,0.132432198467705,-0.702335428455295,2.08417010641732,-1.25716457471129,-0.159750851307139,0.255788117949046,-0.0671348763433268,-1.75526455027682,-0.681443126962654,-1.97757169266407,0.478240049158756,0.433756780369537,0.896453068478061,-0.828504147656497,-1.52723701252031,-1.46016279960658,-0.384690514214819,1.39522546824672,-0.40374287634514,2.0218304382574,3.22374009659678,2.79205317397959,-0.1009934178361,-0.795615590584889,0.0361068529213739
4.2559230016469,1.9003401362013,1.36336877921095,0.946317344319566,0.841895352236539,2.36748808022493,1.98825355893499,-1.32939831189986,0.379187517878809,-1.56621158577775,-2.10259620608062,-1.93782519246617,-1.07909919419227,0.444513373538829,0.353818643284025,0.16570599967167,-1.3709729017151,-1.3611416190902,-8.13215890507583,-5.14649005751582,-5.70974239109574,-3.91204851289572,-3.85191871220741,-3.15526704912987,-3.49111340683296,-3.84014735856533,-2.26663745806581
-0.870069683592467,-0.129795597162502,-0.632610637902645,0.0293417759840724,2.05563919963696,2.42717359350501,1.58100829741761,2.29677231663386,0.858723312587843,1.74052392735573,3.3634129836226,2.75836896605472,3.64634333536073,3.46337087394737,3.45252837696308,-0.613479144811056,1.92905121251513,1.68509864245517,4.37270144016965,3.08735828469487,3.66688620856602,1.58340012896605,4.20616330457677,3.23690526456184,4.29343715085263,3.90413442696386,3.69018944982454
2.45783822598689,1.00027398708284,2.33654671855051,0.547491135143977,-1.38417622474339,-2.60906538496079,1.02100345270125,-0.32251419738517,-2.05656662942942,0.22756059235468,0.447891678826782,-0.775627759223334,-0.169419882648545,-0.906896282904567,0.371309380818263,-1.27049313737563,0.235425049789888,0.614623644298273,-1.366382971576,-0.755991107074354,-1.09618904222308,-1.77024584415458,-1.14791761260098,-2.24164184781048,-1.41214203959968,-2.36227339043839,-2.22162403091605
4.3367064521063,4.6047476412762,2.87978368783654,2.17184641470912,4.02531465563819,1.05948211155239,1.05627564120643,1.20578751087376,2.10060972633486,0.629535202157192,-0.120466142315254,1.20027036280327,3.68717948170786,3.71717365280494,1.45134320514073,3.40264649752271,-0.339760265855731,2.07273489204725,4.08720360207434,4.16428155273729,6.1034723458938,1.14062769510376,3.02581366447901,2.40965394788241,3.45481360402988,-0.617903923174973,2.68904288894574
0.0232872001350532,1.02893186595041,-0.951878943397085,-2.48452292023686,-2.45429405463767,-3.33026773442533,-0.150464469280035,-1.34611167156589,-0.27941225508098,-4.35389253894643,-2.85915674435563,-3.06667595979063,-0.664183663355099,-0.708112809123852,-1.09487376969898,-1.75750283841299,0.550511872850928,-0.874814636683536,-6.10301339890746,-5.23055785707502,-5.97777733770311,-5.26884547342069,-0.73698860237783,-2.82648696901599,-3.80414667245733,-1.99811449830828,-2.30171571011273
-0.876810734936346,-2.008318779717,0.1070338980041,2.28425730495561,2.28230005794892,3.10911347707448,1.91011289259587,0.993401902780443,0.798749853184708,1.65331717713186,1.23631123422354,-0.597206123151055,0.908598146110511,2.13678876666827,2.28175711790363,1.27405434251517,-0.863741087827616,-0.46257032520796,3.40974527881031,3.71422116299111,3.5111101743978,1.86608351454879,3.24558056096846,3.14739721047925,3.13159649462164,3.91403614459128,4.91094862797944
-4.04219988330684,-4.61025161853539,-2.93892435259183,-0.573978205625135,0.284110033862832,1.59754193650274,0.0355512493575134,-2.41162449284163,-0.0486548976195458,-3.54590419106239,-5.19889601156175,-3.60892628813173,-0.199976331322606,0.481806191234556,-2.38516555566963,-3.18047233292722,-2.00382734385056,-2.97122593131137,-5.80551752205184,-6.29585538053974,-5.3239109692432,-5.17502437404967,-5.62355241687372,-7.23401794823206,-3.32688589997349,-7.20361271921979,-6.84753913866805
-0.290659019339839,-0.516653092681171,-1.53617747170121,-0.034712650978829,-0.797282822836744,0.434206927441053,-0.5080099632661,-0.15630860438607,-0.131471226794177,-0.683885391089886,-1.44398010897907,-1.01250508835931,-0.721685241384069,0.791829476769636,-2.04921509031393,2.81995981304008,2.23719647710264,1.69340018184335,-0.794033524002003,-1.37995757282754,1.90913828743041,-0.707884026876814,-2.11506095100353,0.857261264758946,1.38027818200715,0.572992977590291,0.515119439423582
4.45651242523548,4.92502465089812,0.958815180529223,0.896746587499885,2.64832991650401,2.89017090535397,1.67582953906602,0.966725166250997,0.963443870168578,-1.04734330987996,0.335493093045136,-2.12704004143158,-1.38387523082437,-0.579550630567936,-0.707158903187319,0.256282334621567,0.754170865397633,2.03415033252735,-2.13332355965965,-1.7967643428358,-1.15686936809134,-3.49002133320572,-1.75052524689521,-1.7833067109117,-0.162136921781403,-0.8219820374983,0.0538282947232281
-2.54688256832313,0.536872818866736,-1.59267511794889,-1.11994412745769,0.245858964005067,-1.89261836518548,-1.45909415040418,-0.883355103625842,-1.69261718670268,0.632378183269069,1.29951208335482,0.338624371711102,-1.63618298935143,0.149608212182072,-3.01449260735162,-0.115638939248487,-1.29911356665997,-0.620982179100395,3.0426182141643,4.21781968218196,4.54072548042292,1.96298828207912,2.9606907972268,2.74223522310372,-0.0632352667057348,0.104383750209842,-0.309052469133521
1.92544463748344,1.71731012239075,2.07845275570095,3.41339840524975,-0.00743443385734355,0.874094697882851,0.763231827768881,-0.637811234823356,-0.867588974809195,-0.700199168199445,-0.562048954896058,0.278280131188305,1.08637168871083,2.00835618427778,0.301550161110225,-0.0469223641737604,0.891405618170988,1.79287207804993,2.47799129447499,3.8618309402756,3.12569867419695,5.38624866252717,2.31099204167149,3.81908106837794,3.86679638153301,4.35267749534354,4.51222411513215
0.714842080768467,0.0281831377800965,-1.51491239840091,-1.32913639867291,-0.309160782687044,0.351659387390992,-1.0870749099927,-1.9352126173451,-1.21881889783211,-2.69737860838167,-1.67726136665703,-0.388412047651953,-3.39268532221847,-2.25468306174521,-2.59462821244814,-3.08779981365498,-1.25125468482487,-1.55905667427706,-5.57828031471358,-7.88827956595926,-5.48743025619883,-6.67430956672593,-8.25060932257113,-7.27204336466588,-7.88691835451138,-6.21163926523701,-6.05886716243539
0.470676644587961,-0.908107806482626,1.72508173945781,-0.0536106342286237,0.0375981595346477,-0.0960228450718206,3.10823207165022,2.84079960547605,3.96059674520594,1.48268631777445,0.55780454999152,0.759824089527076,0.944247417764423,0.888137211756266,-0.247198208879849,-0.0785726041142345,0.0631541654012341,-0.809845251646089,-0.431966125716553,-2.27064553886877,0.408094261685533,0.126174198411074,-2.57123175073533,-1.36848014381174,-0.296439705684593,0.0971100311544119,-0.0540850920209572
-1.83213254623326,-0.912441093630098,-1.9173037069463,0.0147604742863835,-0.159591171469649,0.211051317969492,0.171419046052677,0.642043041698482,0.136656854961389,3.80376865492,2.85979072588592,2.28160422443992,-0.362296839095895,0.83437930213884,0.0580394221759261,0.735126426978503,1.32897657610714,-0.109172452446908,2.00331512327909,2.77326998972588,2.21913139950359,2.13831371209919,2.90414264391098,1.22542253223747,1.03280793586238,3.07535661119836,2.89529475153197
1.53936919442759,-0.484160603400428,-0.131929408838207,1.49107797180469,-0.0670179598686064,0.904085391896163,0.0232092155703971,-0.788673438989626,-0.374233375252171,-0.195877671140875,-0.809107653265951,-0.103234337393632,-1.4130552374764,-0.382352159186995,-1.71817529604415,1.80047559672538,1.62456377504174,1.45513058728429,-2.24357880680769,-2.89894717816436,-2.1775117381576,-2.04125304804552,-3.20767952853369,-3.00579689418069,0.483711131729343,-0.306743161200497,-0.427005838565745
-1.52928415013529,-0.882361003260173,-0.00201449648662826,-3.71060861365036,-2.97588984711379,-2.14197478836256,2.5617042295611,-1.40146058501155,2.3959642969058,-0.467805255301488,-1.53651919702618,-1.17735692994116,-0.484162605977013,1.22634873269412,-1.18426834111799,0.566382219146823,0.0917682964530141,0.303025448776708,1.54481531378683,0.587718400007157,2.2756548180749,-0.181994715026648,-0.856341756107222,0.42755878008879,-0.843751281532854,-0.481435720719207,-2.86566540602021
-1.03482350918629,0.350725932636461,-0.365613864071378,-2.11146638223854,-2.92184021663822,-0.847665019964942,2.2249565218811,0.467455292238449,0.0958728223891909,-1.67531812487112,-1.10522568657253,-1.68225235667524,1.40138799589998,0.369909981463545,2.02702887448979,-1.74636147054124,-2.16862182324114,-1.58877551299398,-1.68466417151391,-3.90443580632249,-4.4168045222416,-4.06966291917501,-3.4149409693651,-4.13124711511098,-1.01380825521248,-2.82085513774167,-0.638014823297924
2.97725383636109,4.46502850943495,3.7634230769999,1.71312253638189,0.662017944720717,2.10352115125773,1.44565387372715,1.35781300720708,1.79024497445079,1.04615479905696,1.7129911364524,-0.497015735297757,0.906465739734147,5.68631073030627,1.44594035776908,-0.517031770021495,-1.41617636929853,-0.215928417497167,3.16193952255006,2.75813715124721,0.976185724814495,3.39489729695802,3.07821029505206,5.33245454023724,3.82405220382979,1.45550368261907,2.4780929907569
-1.10692798073934,-1.10211608846682,-0.419642939741077,-2.27888526944985,-1.93885015660316,-1.06900446520511,-2.49775284770828,-1.68192398207096,-0.779532394093439,-0.904579365104036,-1.32459549573564,-0.534686278135479,0.663960888927443,0.765611507134532,0.253957511893046,-1.2218843408352,-0.626182823609867,0.260581974568518,1.309779925258,-1.62481228226846,-1.63455515937155,1.18486775172547,1.22144843174279,-0.676807504049223,2.78656232275868,1.75282141626853,0.70543952770224
-1.41446120579625,-2.56969755750017,-2.29607046394464,-3.74607054652502,-1.48850450381572,-4.41159393414957,0.664304040990816,-2.51483262441216,-0.261789736410091,1.55122227483923,-0.560156791599626,0.526688573012171,-0.548170235674249,-0.816993645752576,-1.35893398019573,1.51935130884773,2.38191067561181,-0.546677859628361,0.663428785081745,-1.35237789742205,1.84643173748749,3.35665424721391,4.54867278379254,3.81702059372973,2.58657400167419,-1.65726078053493,-1.94628218260893
2.79948506008818,3.57903263014687,4.37164750268668,4.33537733534551,3.42759663666005,1.99159097012424,-0.470254815905695,1.40948354606824,1.29322173351599,-0.831924163290016,0.429374762092936,-0.776335296591032,2.91441393080961,2.18098580403548,1.59927174386659,1.49848516802962,0.449847679480061,1.2122507999226,3.2974441161881,3.75215407894749,3.91905440400661,1.78367590318223,0.179402755236881,1.30049825145887,2.99079507544193,1.95250598776728,2.67873664324772
-0.610507349294196,0.348060970254507,1.39292682097206,0.606596886839681,-2.47602571211257,-0.609930032456567,0.0845588315867035,1.22585543198671,0.10593797065299,-0.738199022725394,-0.434661822198976,1.08706397583082,-1.12881848300733,0.373013399283987,0.462401614139073,-1.26768443856814,-0.931247197499356,-1.70379909065748,2.24128689929358,0.488134894643943,2.70293435529015,2.62107427133236,0.662083107663224,-1.19240911222272,-0.721459554612214,-0.216029139802508,-0.258262505649009
1.17799935945468,0.905535570592943,0.16714575865316,-0.219074650948558,-0.482024968958638,-1.23075826987521,-0.174373534795552,-1.63704341861732,-0.476669427393138,0.526648252397726,2.07942085038429,3.18816516910552,2.26728549264103,2.85647719617173,4.19863909842435,5.45821381862292,3.66970313806724,6.28861046096656,4.02263383584339,3.35300399072519,1.73505601895859,2.74498558090247,2.93878996363595,3.58915454766701,3.69590619066926,3.66050191330601,7.01004052317368
-0.873662444368312,-0.730970625299572,-2.27162194065562,-0.663738165547664,1.81928226521288,-0.326361242194579,-1.5273550033516,-2.76364109799896,0.703170664561611,1.08780234418844,3.16752454664143,1.56900920879665,1.74058188419362,1.82578061238805,0.605331131375497,1.23392252074046,0.255301483246466,2.09442385300865,-0.633790061292065,-0.940288962576022,-0.80198623748556,1.15468713833613,1.65395720657154,1.15566857963491,-0.923410728363835,-2.60581669853981,-2.91696177793956
-0.491416165800429,0.167935908759062,0.835699240304454,-1.74151927300761,0.0288273619344621,0.661051417347618,1.91343860332282,0.761946532608612,-0.838368750066872,-0.657187646314525,0.21475700664209,0.149499669375876,-0.00259290061692294,-1.76195833291082,-0.944450767479082,-0.689729424630705,-0.606258492274216,-0.0351892656811215,-1.65492249041228,-1.12451577671149,-1.58460534995519,1.24469269448127,-0.261285698905344,-0.13385212504504,0.0730278840761181,0.287730290557899,-0.317934092877354
0.970885507102923,0.206059328746181,0.498361273459967,1.94664952148708,2.36751647021675,1.81277894036173,0.952107777593253,1.8507676648248,0.247392077757435,1.33998606363168,0.0397361002325911,2.0036920531435,0.48228402417591,-1.07810124278496,0.765243368574618,2.97818104544708,1.20561478021947,-0.0828181016794707,2.82458598570091,1.73139187834449,0.860987788954212,2.13215939888535,1.33574000201717,2.16387270277924,3.07002183644974,3.99170637529126,2.99878456989194
-0.0623877835155455,0.420053167634545,0.586956734559018,-2.96179321523609,-2.01780308265744,-2.17914848725047,2.69003291789933,3.24378504696534,1.23542661586397,0.98102021704797,0.862098110089578,2.06585757777677,2.31030970265064,0.969122167804023,-0.888596345432571,-0.936987507686933,0.355943490101159,-1.40351000406896,0.859017863251047,4.13415810876199,1.1019436122542,0.984433153277478,-0.164505747683626,-0.0245477165950794,-0.718854621678031,-3.40157638667872,-0.87839144592141
-0.159394373002076,-0.297517741374203,-0.417201865267689,0.499970329908891,-0.461215086712042,-0.350312819289274,0.948196751479233,-0.118942521987227,0.106722737661755,0.860203492908995,1.71206004834888,0.930936302309312,2.04471160198751,3.1497547701045,2.10395114592201,2.63339179344074,1.86872211753633,0.38875827987411,3.46706767218828,5.50502602850629,2.76651059621322,2.39475681725258,3.10072276925592,4.27881670617991,4.05564112310024,4.18364934229327,5.91231565206224
-2.47051463495663,-3.66968459607437,-4.56629114455297,1.67343393310254,1.52267998069824,1.7560281451477,1.04647430815324,0.435559384532068,-1.83334797383646,0.382210775555854,-0.014473723073217,-1.25506554340765,-3.21810380767212,-2.74570634127307,-0.166440390342326,0.199368667175966,-1.12518199652794,-0.710516136367831,-2.18843725803098,-0.0876489739680135,-0.782720177727374,-4.58246987900237,-3.59831573058741,-3.85661050797358,-2.07561852635625,-2.58100151547557,-1.70627697403174
-3.23722572040901,-1.83146245594455,-3.40848283595099,-0.961360901428619,-3.26413975191688,-1.8593999721475,-0.652428361245839,-2.32491180104494,0.743546173852222,-4.44299170254669,-3.43211081241515,-2.39538545624435,0.0865589484219758,-0.570072359597443,0.866992952570264,-2.97939899389565,-3.26551302103253,-4.52181202935161,-5.23769058986185,-3.74890109261712,-4.2745953654868,-2.56609396503358,-2.82739757339468,-3.98196315414973,-5.08242680439675,-6.07272888706336,-7.55319716594402
1.47110378779595,1.22031634420365,2.18112400261618,1.08128523694844,-1.60772037827374,-1.57291150925424,-0.0514467874875221,-1.04013903501344,-0.897738337901953,0.894252005906513,1.29914114666338,2.19985053114842,-0.159137627520972,1.65626841588052,-1.72373111979262,2.33203550443793,2.51104866331394,1.09124068188622,1.41397518730359,0.532006277114196,1.621518650758,1.89233052181719,1.42971413659289,1.17943350210851,2.75723747708331,0.76269519261445,0.992629150243389
-0.691600836738577,-0.719312112421802,-0.334373556457414,0.0772506317959494,0.527856323281557,-0.996692290002103,-1.7059926820296,0.431623949000531,-0.479173329356774,-0.772747525366547,0.434350761829153,1.47418412657202,0.0013850176707858,-2.35724451387691,-1.45197322977879,-1.55135092272896,-0.492969863535121,-3.33833448518758,-2.15364711356052,-3.30538398969048,-2.26784028570776,-2.76799896672217,-2.52276198250552,-4.18903571846121,-1.58191429606323,-0.558944716509399,-0.796999128993365
-0.143857474978645,-1.14946533939318,0.956540493712426,2.27763840358307,4.1591456751276,1.58691706864015,2.27146912384229,0.0727861859817971,2.30283520633392,-1.39875031727598,-0.49620187119322,-1.07059775577916,-2.76027089331357,-1.98340177941872,-1.67698450509558,-0.32208191356398,-0.886880873420595,1.41384037240351,-1.3343661446495,-0.5412578725559,0.301832405756435,-1.03338937165572,1.78240227573615,0.76452101176211,-3.46820794027077,-2.59662585364797,-1.60303432868149
1.28605023448693,1.54751774877008,0.699825561970226,0.234684936104889,1.03114688678657,-1.30183028434484,-2.6222002201654,-2.48737020708408,-0.493391028694584,-3.82413823635643,-2.69599766030317,-3.68783589530084,-0.422790544145569,0.131839375446384,-1.5891998137044,0.747097325390105,0.481938719424911,1.94975472656631,-4.11184655919708,-2.07695097243243,-2.79858650094598,-0.771199783098975,-0.384557675982121,-0.0738723098403167,-1.38853086264164,-2.36576015324192,-2.96187601759054
0.168249745153217,-0.608352940471452,-0.553476506418837,0.948000349833007,1.18450690423015,-0.904072581024295,1.04513917361393,0.685717584577924,-0.646284939386857,1.52963390071383,-0.261210589802038,0.750465958301111,-0.951539837631947,-1.31559835696663,-1.06702589187185,0.588704251086532,-1.44769138544665,-0.608932077493146,-1.54710160148,-1.47125450024366,-2.31527514167645,-0.138838465067139,-1.78874010563299,-0.122529891094483,-1.53507361479214,0.137657836140725,0.100497935248229
-1.26799725122341,-0.0951786547776327,0.249371200730793,-1.26094485277074,0.59298766287159,-0.00459329428297262,0.285383410761353,0.550097805942888,0.11453826540304,0.355790274778829,-0.951577255196004,1.44197870394245,-0.723794436073069,-2.01926457935222,-1.90044804779253,1.58343917550442,2.1864238281944,2.20009117318193,-1.99766345767399,1.12044037598344,-2.24260601926225,-1.35719689344778,0.587654710235439,1.22658802416843,-2.93483446142169,-1.13320356946033,-2.52611286956341
-2.86226640084243,-1.60457530988086,-0.636568186733876,0.0629597417271371,0.380495642300424,-0.603154896628105,2.78921084147636,0.710471043415495,1.54152299744974,2.79502731447693,1.87377708281018,-0.306663701513849,3.17979886097547,2.7246261114234,1.78026990156303,3.59306939049408,0.957778254402569,1.68058250579682,2.3610213289614,0.19762386603454,0.337632424450872,1.89338133413249,1.66561997335162,0.0323438031147665,4.12395578164031,6.12661495107123,3.90164980095074
2.41009936861654,2.10727396855621,0.944386871335413,2.06001569679753,1.81803423959895,-0.857058416960548,0.66089531906989,0.766459449901323,2.55639950293626,-1.38827881561283,-2.334378677176,0.227507078355005,2.17875944889841,-1.01701560415135,0.723363448129146,-0.817390087506602,1.75929822265141,0.340952907491806,2.32079126767951,3.52039076137702,1.59785604549496,2.37544829344978,3.73072150449657,1.9134991051297,1.47061005326029,2.71118449125477,3.51238151585665
-1.43374914845595,-2.24011356054874,-1.42916977204287,0.307787233890803,0.554162518952062,0.889565579029311,3.51161439240287,1.87881468454816,2.52754376139576,2.33161542675348,2.89954519883305,2.66913376076088,1.57159103835991,2.04154687052088,0.659980404789526,2.335173830778,1.65892918781882,3.11404017883586,5.30171704525621,6.47287368723108,6.05379819775134,6.49010595162574,8.43923136950017,6.22552214346018,7.05360907477265,6.38871649622216,7.06287094055051
1.268545071359,0.258387083875794,1.95693363273672,1.84657030794955,2.02529372756784,2.46727631263643,0.850791021759502,-0.549298653034956,-0.836010504100608,0.418521772478082,1.13024419979066,0.132493846174554,3.1476013956532,3.33320867450154,0.931621458599916,-1.10206951321267,-1.11439678163365,-1.82732289623218,1.15846749151069,-1.16712714777819,0.281832674582409,0.157653306553,0.991971667031845,1.31120671620784,-1.31768258602084,-1.26668424317181,0.0236330063487182
-1.77599371673924,-2.59010411682863,-1.90806149032521,0.967695447062491,0.489102574104013,1.0290058443344,0.794050757228311,1.79330607142301,0.796504677808241,1.56297867741644,-0.0087605288754018,2.89017959548564,-0.392593333872283,2.11759266558051,1.68050678256872,-0.0770915947001998,2.32383958168564,0.0377261042844859,5.36156197038633,1.9660519836905,3.83014549194787,3.79079722268294,5.09497977957598,2.43590844952411,2.46942263318209,4.07279073238987,2.25218024117795
-2.01831646938299,-2.22061548565981,-3.08585930214692,-1.08035330484493,-0.211260118978117,-0.178715036611294,-0.937603217067143,0.0739091197006081,-2.20064669065436,1.10537300181689,0.638932752931513,1.23218885074835,1.44049690610883,2.00661088849104,1.65716786326616,0.869806380585261,1.41474197403253,0.328764784856088,-1.26965813514051,-0.74846533664865,-0.694584230238131,0.370680729140475,-1.30126719717036,-0.976153146636511,1.1967113181509,-0.140486302860658,-0.440052520616727
0.505754597374408,0.755572019217535,1.51120177769852,0.280083340972498,-0.621404972661153,0.580046968685089,-0.476607521162797,2.54595104230303,-0.513912184474672,-0.398226406873317,0.393574957974407,0.248130516832281,3.01016125296178,2.09933114953433,4.70893035051279,-0.933266865637292,-2.441338473011,-0.967300273378737,0.312528738729204,1.1152523904057,0.6404972954346,2.51785394778536,2.00596628336599,1.12003335950878,2.3536898590378,0.81866605409543,1.87191931557917
-1.08314679267637,-2.28788944741859,-0.719674102623248,-1.01370490974753,0.281471724483778,0.924125219762077,-1.98710341600709,-1.21303966186534,-1.54175899404961,2.4088588254296,0.217225489387278,0.874406041113457,0.483996915267698,1.16173346373786,0.776668505691542,-2.57951068352459,-2.0283142166401,-1.31152415368718,-0.769674295839928,0.668809173152261,-1.92969003755664,2.08505333380553,1.75655136463082,0.500316189337498,-1.10558301819397,1.04687370833883,1.74366442370608
1.57817379345693,2.52058650463765,1.42531678419788,1.48672780212591,1.90047238609769,3.20933126357478,1.76689060849883,1.32469882666708,-0.517818012866521,0.834533667437628,0.365842128563809,0.880937499949561,-0.522359441629961,-0.0793490225589207,-2.10035188057964,-0.0820962044771189,-0.732806349447764,-0.202481064915054,1.6349772507245,1.42648644147464,1.82648231155861,3.49857985754613,2.62541844545055,2.12742250470887,3.96229078420776,1.41591649976361,0.910608041220222
0.789816676131922,-1.3886326627375,-0.282590507897004,-0.110029784765768,2.42604529005442,-0.428569740204199,-0.969985996744909,-1.13133356284331,-1.39104443316682,-2.22986622898758,-2.2647986600378,0.548675742162481,-0.755558508902077,-1.48993327376798,-1.54296058818605,-0.43792094239773,0.0813808863759037,-1.0480846136908,-3.37978811798024,-4.38212362484777,-2.53947887724295,-2.04803912469408,-3.1138349417954,-3.91507157812083,-6.93021241916273,-5.59115461626773,-5.71932180159495
0.756514305580242,-1.06176066627041,-0.40082725317668,-0.910298177459235,-0.813428111860023,0.00566702450703449,-1.10305379196478,-2.38551692332481,-3.3488086912646,-1.91398470386302,-1.45206509767384,-1.4878735390007,0.80429779270595,-0.995502481985502,-2.46748000012939,0.701281475556218,0.263801304030849,-0.329290174901184,-1.62746828827908,-3.14628646709778,-1.51888658690867,-5.64652425069681,-3.91373249564588,-4.58543770428712,-4.31224606909055,-4.42603906754059,-5.03432989646404
-1.25861171556895,-1.35129607005512,-2.835298859497,0.687851749817819,1.52951009008785,1.8861514646012,1.65893001641183,1.87077101766597,1.28640504757005,-1.91995207837572,-1.60269414701065,-0.210628346946648,-0.149056016379584,1.33246134174103,1.65296023684616,2.62718682428913,1.80973088223831,1.09465262073121,3.61315025068106,1.2239834876467,1.39276856596867,2.75739527423009,1.81177939120571,0.474914172350975,1.24106974029396,2.0988220195599,0.519251753840523
-0.314747940267124,0.547506562237738,1.91369587781789,0.890081541042036,0.476726433056525,1.03251667986971,1.66003569662469,1.1917306428802,3.15409052495196,1.03966286822865,1.18572867632094,1.06602217937471,-1.12518892424053,-3.55815634197617,-3.20731065632465,2.13373446999248,0.721578910722722,2.37811423822754,-0.543669533154495,-1.76222215662474,-1.56214195382356,-3.97572985257295,-3.42242876820395,-2.30983877000099,-1.90508760495685,-2.36605976785015,-1.60819794329688
-0.742650485759058,-1.27226683571138,-0.546343793955249,0.77687135904909,0.648960990480988,-0.187667845230116,-0.880892982847518,-0.663849344425799,0.874966454657445,2.01135928994547,-0.357416658436578,-0.644216537764516,-1.85300478413567,-0.488986255281841,-1.83815509685802,-0.115652786461673,-0.543407267886133,-0.0659777112630409,1.03687334510067,-0.579747124413486,-0.599535939317894,-2.94961516333504,-3.93287933287028,-3.78876617036174,-2.44788517470294,-3.93327776006992,-2.43948127820371
2.07806876595543,3.06798637497491,2.20030887779907,2.33573976137515,3.07774066912848,1.64836415708324,3.47397288335143,4.41690092407406,3.08409225296522,-0.791472123598662,-1.79305259182968,-0.516937165465305,1.73678791757646,1.6544941548084,1.90259853953299,-0.637205730418372,-1.5351805331698,-0.709402609480326,-0.166902341139934,-1.23604171031305,-1.38650578354426,3.63708335053705,1.72144818360955,2.31792446389236,2.18730423156473,0.531173315590487,1.62705262250631
0.800062074472424,-2.39388712753843,-0.593441774496377,-0.643216269186003,-0.837514246102923,0.122787325059504,-0.412948783897794,-1.38868032797771,2.35043424236864,1.67300049911136,1.22933141162123,0.150929555911559,0.564794371009142,1.66995954512326,0.933179218134439,0.23238315606721,0.962376305296794,2.55841626900973,2.53936911501776,3.89111844504598,1.53568966191231,1.38361088517138,5.44274438065096,2.03071458968169,4.37349907695354,2.78029478054756,3.24948138879894
1.62991185286335,-0.128174760237567,0.724998170064152,1.64667972657494,1.57111667722764,1.00708322832741,0.937833507592255,1.28002555550089,1.83041230273273,3.39047997873362,1.28181057633892,2.74639737622039,0.91336286366167,0.555335882759422,3.5390767669349,2.93725113808444,2.69607438762311,4.55379523193728,5.16290225926352,5.00499004169,4.96513318629006,3.94813705413609,6.65984678602723,5.61468526314661,6.20426803306838,5.82724656202408,7.2100648888542
1.17123760033548,0.0732491860237833,1.36568451379944,-0.611563627813833,-0.419723184073314,0.440696404245022,0.819376531323101,2.52385195464012,1.78426197752277,-2.07640003129089,0.327162040990673,-2.99840457937816,0.450642388458517,2.01030503061291,1.87457405710132,1.97070806274656,2.1247587129391,2.5129990910237,1.99108585565266,1.46708584364772,1.6358602262641,3.19029716720378,2.9919081507248,1.46972140841159,0.843864954586345,1.82219316911382,1.47172205953877
4.08260914977263,3.12065600810414,3.24640679810916,-0.350820499582748,0.482571346919458,1.15268325084021,0.850446996677734,0.116152140625867,1.67421179262986,-0.0290225994830479,-2.66858458256187,-3.18139993041066,-1.77836156766779,-0.937624432079122,-1.97421943557974,1.89653336212052,-0.507542297367197,1.28811459841515,-2.24463441949221,0.392177481690201,-0.0396408903937223,-1.41401341433826,-1.0743730112715,-1.90797193466898,1.84284331950538,1.04174254832274,1.7097295382089
-0.401890869364875,0.0369678926952561,-0.654620823387467,0.917486709819651,0.51829222665589,0.280442162998037,-2.64588007643728,-2.10538530746782,0.385361557658786,0.252706391001511,-1.03726090119952,0.227183150635703,-0.840976226271397,-1.40381536788197,-1.45001652439608,0.243303417324379,0.379670122827746,0.773044261288526,-1.49721184777693,-2.08904831060591,-3.54038448525377,-2.44377304295918,0.60566483562242,-0.860479169824167,-0.534311246065218,-1.26289388582007,-0.933385253375784
1.16613957902625,-0.426140601496622,1.14226512687406,-1.88871766897984,-1.37836228008883,-0.400736389890468,-0.568441365270985,-0.522498601226139,-0.906040086395259,-3.14051935365391,-4.68494510822227,-1.95085963543059,-4.10334545435344,-2.85707559450488,-3.72999861337659,-2.09341591738707,-3.84972867353342,-2.84707175833146,-5.07766563923079,-4.5316358016636,-4.21772635877401,-3.90081835652147,-3.34931015770104,-3.63557921771563,-1.3300171663578,-3.12005625350153,-4.67980924106928
2.40055863124491,1.9618490778943,2.36423836542261,3.79841405100856,0.404060882829702,2.31024390312548,2.63579093871039,1.33082186396375,0.75886017404257,0.155132224795214,-1.66790568775774,-0.825643717489502,-1.8159360132652,-0.560669801892005,0.16631785740524,1.13146225583974,-2.26896755530651,-0.622208565860092,-0.123307360659311,-0.168984120896481,1.00793629402841,0.318535197264998,2.35368394975164,0.645794723638116,3.50268002833681,2.10033378896873,2.01050147131975
-0.320307596471486,-0.920149143778426,-0.419557926186164,1.8024834623383,1.5656401507272,1.55927230109532,-0.890620803248042,1.50417576436644,-0.113141147757202,0.725275135881479,1.39959937455136,0.348328771351061,0.41890629633221,0.133264026754025,-0.0155604366822356,0.0144786065663694,0.862512501527997,-1.08240660622979,-0.0869754219902621,2.86814321009068,5.49499920506789,4.29012298970404,2.91054211919292,3.08567143174866,0.608438083512162,0.675829852198932,0.281211667315703
0.112825353775641,-1.885793024178,-2.02265581567697,-0.141442198070785,-0.0306607681236477,-0.288943635229052,-1.19542327729081,-0.970513768900738,-0.0429035608157601,-4.03334693160063,-4.62545452850792,-3.11765378707069,-5.32049862673617,-4.78369157643393,-3.19050025686006,-4.0623227611492,-5.65870748510388,-3.2560698354724,-9.94150192343545,-10.4479789700128,-10.4316845649467,-9.33818918637782,-9.46630604705386,-9.75478454052752,-11.2476186201964,-10.4455943011481,-12.9269479826119
-3.8834880322332,-3.27914656517905,-3.02951922846691,-0.550313084310597,-4.35273044811024,-2.50806978361169,-2.10740571699351,-1.73370918205073,0.219237924385053,-2.17699406534263,-2.98240901239794,-1.53235227800445,-2.60515365483819,-1.49206412777791,-1.89421116531127,-2.45902936902659,-2.57027671941067,-4.91988641139891,-4.07864435808084,-6.94443737998532,-6.92766645455895,-6.7049743907238,-6.96649508393403,-6.85855771245705,-7.90684583814106,-6.40464246540795,-6.45639276890517
3.55510792507165,3.34918938813205,1.59953378632239,3.34502084871905,1.86964439222024,2.47104864055489,3.20578655156494,3.07295388193267,3.11558488657585,-1.03776038268095,-1.80253180289219,-1.74462178417283,-2.54401381407978,-0.55034359138443,-0.47677065617924,-1.26932628655884,-0.491086127910171,-1.02250827007722,-0.293004035563729,0.0393189760729226,-0.140385724066179,-0.16233903796498,2.0138074166512,1.51118328725416,0.186336206270641,-1.07324512615663,-0.0692427070350902
0.229190166500687,2.5008172572819,0.478014782259779,0.923657363635121,2.1470481934879,3.3633314896229,4.58614495016527,3.01754041617264,4.25345281812086,4.92103026536374,3.72286176734879,4.88545422523175,4.51634209350888,3.85016484001979,3.32942965921652,2.82282604849222,3.75599898166437,4.30506777199719,10.2060736617437,11.3974485277555,10.330194781614,10.3661315157928,10.1359298675248,11.1279208518735,10.3051530122572,9.88911491879573,11.141787659718
-0.81107322571418,-2.60218110979496,-0.0206258149659712,-1.56843853445144,-0.724735419671852,-2.1355089362113,-0.444005442980935,-0.941243888638112,-0.3947016522157,-0.536828103651869,-0.613038122756786,-0.776111129507042,0.153910806259837,-0.540803430152775,0.313168489513309,-0.0840251807755874,1.67064046205369,-0.302570555654087,1.00169827311437,1.34988414444533,1.3627874091246,0.604927982653802,1.13568034501504,0.488143508881889,2.53643244678408,0.7482418052893,-0.167959974101016
2.21111642204935,1.56518680859911,-0.732710293066236,-3.0146414284187,-1.98454387299312,0.196188020332865,-1.29086910364045,0.885605535472338,0.302268052641472,0.0854688987276682,-0.574779039631378,-1.69240795310131,0.00282403729810152,-0.0466891451557765,-0.000303966877122301,0.00161564341207832,-0.889216341963175,-2.15583367646242,-2.53218494029326,-2.43534695501132,-0.564323367557888,-1.7385817278918,-1.04022795926803,-1.99504481884577,1.16069924872153,-1.20622739364262,-0.0479588432933301
-0.362929368893009,0.708157503713535,2.96252870742056,-0.850606125223031,-1.47806907930507,-1.67050701318888,2.92538956746055,1.10325773231338,1.13239081650825,0.669430234858487,1.25589598363302,0.0890250784142493,0.374415731686605,-1.32447020766629,-2.66398804939629,-0.0470909090339713,0.663710613815591,-2.16976304344688,-1.60837550456776,-2.98956212368002,-1.43463464132193,-2.85874741732211,-3.22030627932353,-2.91073088865239,-0.904499192382063,-1.83851966216877,-1.50618489083076
-2.00650310712104,-0.358666067121495,-2.24958247910824,-3.26227002585074,-2.86845720134674,-3.07380294940423,-2.32837871399643,-1.66185421831611,-2.46451131002429,-2.31463909677279,-3.0752478603054,-2.93440280140121,-3.68895742772151,-3.81531673363032,-5.5419704615058,-1.75356599087457,-4.5668049583087,-3.10351605440478,-7.36204331497527,-6.51160676331822,-7.65206677752059,-7.24164677911754,-8.75454832713549,-6.1817227155342,-8.24158239137769,-7.23842967990987,-7.50781955703867
-2.43083444200397,-0.229547512329531,-0.109888970504796,-3.03549313474003,0.731807039966392,1.05462354998371,2.9508520481728,1.00641186975087,-0.610278307956489,0.433527476512028,0.713851560230136,1.87930889331162,0.513756709726164,1.80888468437137,2.72841054021104,1.40466619912656,-0.589892907105929,0.264614600945822,0.658867021487376,0.452961114276703,1.14367398801697,0.710202373072226,0.0335452136638548,1.95040895059409,2.20620253930748,0.87772157011745,-2.55760310069575
1.28681945939361,1.05378139085407,-0.393714467894085,2.03122889064485,3.38752429902749,2.05783107446624,0.330236489225326,0.698936517386418,1.61922597388077,-1.30738816534903,-0.650031762690536,-1.26355995478571,1.62675500955844,2.40594341030136,0.767419397385609,-0.0727470321060105,-0.249089446173121,-0.186231532999638,2.87237973285767,2.81353988413043,1.23603512893576,0.29774474399192,1.62477089970143,3.054201389735,-1.47393389997641,-1.25115070126746,-1.55139907577856
-1.37065769484916,-0.00909574043794503,1.21006163719135,-0.217474938374319,-2.56743432593905,0.34020356849503,2.85188494027404,-1.15045283876675,0.916978606639442,-1.76967180991788,-2.57825943940789,-2.65561941395233,-3.7691368480401,-1.19348234833733,-2.91208039038141,-1.45928758778302,-2.34219220670413,0.430372580334258,-3.14616150022406,-2.66189148140999,-1.52971521910685,-4.14386329503197,-4.31084515572958,-3.30658703663985,-3.35216240908471,-2.96645554652449,-3.75069155124662
-2.29623472795186,0.181967909169696,-0.349477444937119,1.40009329933426,1.01650180819939,1.67434948859513,-1.48799567984004,0.531225567310399,1.65036953681065,1.57185943049454,1.35541010171853,2.14867179401532,-0.60771935347959,0.924404038321391,0.752866697637401,1.4753213411237,-0.321851235638681,0.561114684203978,-1.35916616472408,-1.9029969881824,-2.44144157494325,-1.48385118812893,-2.00681462580368,-1.42125122472847,-2.88362629567155,-0.671692757198152,-0.854817172118762
0.445370912527997,-0.196425398236563,-0.669646657107225,0.699592168005261,0.183179592866084,1.2376750899673,0.765126483575069,0.709304853425882,1.75222650440335,-2.28318026289525,1.89585957204949,2.08296526951966,0.785434534252135,1.12077076625489,-1.85716064640191,2.38315434649937,2.02909622600157,0.798487361474332,2.07035524339522,2.10388567252816,2.43304134133726,0.275158344478537,-0.210714853669692,0.629990368715375,2.65056433882083,1.44140725150146,3.64520065462172
3.13515741953672,1.35153808179611,2.03524762321601,0.170220559391245,2.0625066566148,2.00521785225989,-0.484523727708505,0.403545339697489,0.364464706732675,0.816005210694585,0.0707600822085753,0.218647627777826,1.44451807135297,2.14737246440089,1.0526253906457,1.70259660376038,0.089560619318876,0.108322991200685,2.38947993889844,1.19484300243544,1.91898593856772,3.40447334459667,2.59998283050528,3.47719755671655,1.01555115559525,4.29746972140173,1.24154769958828
1.51795878382958,-1.4615027397427,0.408148138607366,-2.41237664580297,0.778399197674448,-1.72674486507402,-3.06693038958434,-0.34576962691983,-2.59369203196904,-0.795414844178532,0.0604867902532465,-2.39272388612064,-0.308132443069234,-2.04692894411787,-2.70922893843461,0.428503085898436,-1.47090526561323,-0.571453761244201,-3.26607457936436,-3.74891531883707,-2.75458670800036,-1.36142144037927,-0.256889421650932,-1.59112402851907,-4.84313627802925,-4.19156433039626,-3.23526443034038
-0.809382303282285,-2.07714768338069,-0.689220517376823,-1.31724337012038,-1.1058883414733,0.399646187789894,-0.442594521144297,-0.245711074150671,-0.0779399728243804,-1.65821358239318,0.217125227284114,-0.461176192826697,1.16117970033079,-1.34481626598309,-0.498496895464629,-2.64206242370442,-4.12057726065153,-1.99958521366913,2.59445166122758,2.79243168616231,2.35060940326589,1.74270783221446,0.926738605134054,1.85550177782022,0.909423534556879,3.08685453201859,4.09668873562729
-0.315705995478362,0.723926738410889,-0.441033198066336,-0.238389540692679,0.697844648335583,-0.61546445514696,-0.402107849208464,-0.919027058802944,-0.0263646574093169,1.17505658945005,2.45027812193422,2.18514516528111,0.77602206095471,0.716825601860781,1.548795950265,1.59099609632314,4.25832195731907,2.06241846477419,2.16032916973036,1.8617315858444,2.39692238729524,2.31668740197246,-0.272553684268093,1.5981512758849,5.08987847238018,3.12554168376347,5.81788958154267
-1.37713838012085,-1.58305685385306,-2.02530947998978,0.653231081060818,0.827425935560159,-0.490885598426464,1.59772123359209,1.59523197978744,0.916998584221954,2.35920130221758,0.262075706790212,1.32546042628502,-0.0685632992122908,0.263754900506865,1.61759657476976,0.385999583758046,2.23318970784723,3.2150245288897,0.60608577393893,-0.359393171141511,1.17179637391704,-1.31946365986456,-1.62817461707452,-1.48264394694927,1.25078542326648,-0.852652407469056,1.23924635293439
-0.347086136231516,-0.752818333039931,0.364553134115091,-1.00836376958032,0.116065547983618,0.703343922642578,0.461218572600537,1.02524528407949,-1.42638204471154,-0.0344302427305934,-1.81564884903782,-0.67914233210973,-3.20202922496102,-2.6010909584046,-2.79976409122128,2.03080642189069,2.76936928495454,-0.888216110657233,-1.26023343742284,-3.25618826974031,-3.19546841901857,-4.27591774781305,-6.08502789226205,-3.34996710628829,2.0399825793112,-1.73663287841476,-1.36631459691799
0.134153116062085,1.25744463206889,2.72102308434713,4.29269133363214,1.91488983176737,2.38119533091495,2.63839322219716,0.742146155244906,1.14863837588385,2.43913362253662,2.60991017715764,3.36774591924443,1.99156283485387,2.89807849360853,1.44736155247371,3.33169137549186,0.654009996995058,-0.455559170177211,5.50249451858043,3.34441714972072,4.5238806057943,3.72040893810646,2.30405254030559,2.43411000515391,5.63673995408535,5.17601777734886,2.89819778017142
2.57248276225616,2.481307186945,2.86059036418127,0.746319366029895,0.999116419115271,-0.0916140096275562,3.67053892124997,2.74473844184554,2.93377781986018,-1.07900131526297,1.52125234816218,0.112035391198975,0.523384585223855,-0.259853217305196,0.155568453791028,3.85842790076142,4.46906459374562,3.2158408788994,5.82578787918108,4.61060124458104,3.15919493359749,1.87000159306122,4.4470666413606,2.76758428707001,6.75005987191474,3.67785118050942,2.4593641581925
2.2721556699016,0.932557644078981,0.800987073386352,-0.767973843431085,-0.380344386933601,0.708282856522722,0.608078051942651,-0.0600677914353941,2.20997907879447,-1.3355527928967,-1.67937273308761,-0.518094270175139,1.23167912091757,1.87305108852716,1.05490153201233,3.12537720185387,1.00153613335277,1.62210392125938,1.59822533166202,0.624977644700593,1.46190484542963,1.21253341309641,0.507962766582606,2.8984727785685,2.14857622393725,4.22615262663278,1.16407611339684
-1.94534872310936,-0.267665375510059,0.918852180881979,0.378564762916459,-1.66458936448833,-1.12706837743777,-1.4257690352274,-0.460129491075243,0.253816312583184,-0.36162238894605,-0.760026036578405,0.595608785876652,1.11705660693407,2.04623531533467,2.75008742298025,1.80036374286596,1.0371575801184,1.21230602794534,-0.279920315061185,-0.194797417461825,-2.03731133258317,-2.02843462194082,0.639981752124754,-0.540064192616374,0.00640697711821925,-0.193599011113332,0.319009925986639
1.42602407289315,2.19084264054767,0.771147846853357,0.327020815363979,1.07142268793102,-0.497407213071668,2.10631926943621,-0.0810682292680562,-0.549626202383028,-0.513372329454928,1.02104234041041,-1.99851771902912,1.44043609829829,1.95723743881999,-0.896301364333975,-0.161776491238092,-2.28914402966493,-0.301149546668904,1.69390348265929,-0.743454869331949,1.13452660137699,4.72775469900343,3.30043891711352,2.94498941658855,-0.436859141585589,1.3817978480262,0.677071963844701
-0.666941617162285,0.558255382793177,-0.411643234610506,3.7832800521734,1.96824094069209,2.15182201066179,-0.173489347027104,-0.609151812169125,0.803891035017636,1.77823897964819,1.16068474569832,1.45823584838444,1.93715703106804,1.95369213077729,3.01065747524712,-0.819739257041873,1.42512522849828,1.9386791671784,3.96982528544926,0.933402266736412,3.31070032457645,2.62979042368078,3.911040615555,3.59904478351393,0.484756178405002,0.687210177210518,2.11562900373122
-0.194078212575077,0.402673798957523,1.44928712735997,0.207001071807338,-1.35068566504037,0.0709892054665722,-1.17637580387326,-3.30303759562195,-2.89590738974123,0.560255021172829,2.45630012885969,1.827612143562,-0.613677934655837,-1.34373937405285,-1.19232884165644,1.95888471058094,2.89255835234016,3.08554100089528,-3.08559050939006,-3.257275222081,-3.38684778135717,-0.294211582063848,0.775231123414352,1.50108164983483,-1.43970049631506,-2.47003638299493,-1.77448284029931
2.01769965029583,0.0867883448119178,1.18840395373674,-1.02831252722519,-0.119171194753999,1.41301896867165,-1.21355015116015,-2.77145268850944,-0.947153298686785,-2.30589269335044,-0.529178510793315,-1.20105636739998,0.144613847067172,-0.633874497254122,2.59291230695263,0.588736009983411,-0.169275546318189,2.37770973624057,2.30767128053841,1.55455768877031,0.750269830132718,-0.64507730388418,-2.40993615974794,0.403593801059283,0.977175011794128,-0.627221936811556,-0.425551036933696
-0.0441150074780325,1.32940520777758,-0.0342457123351434,3.38210492225586,1.54032041693712,2.74970176537595,2.0572576366673,0.85919151651026,3.55704819773766,1.63313430852029,0.485430051099769,1.00288090708458,0.25892765092669,-1.52362652267274,-1.79454648159085,-0.355431896337852,-0.551296526738141,-1.89908624847084,-1.4667540884841,-2.17828388758087,-2.50883877915784,-1.25208962268331,-2.60591855141558,-2.96919073042822,-1.07111218209895,-2.51042642318613,-1.59689635922678
-0.972978292550421,1.24745758671954,1.16485632254284,-0.290005282180617,0.460994475776483,0.0734994125048619,1.11729208555848,-0.848162494041485,1.19250908548359,4.19567537914558,5.00065866385505,3.66376096245925,5.01598743747939,5.15534889922532,3.72407306058433,2.22376770397988,2.50517273884946,3.01946542266538,9.30479430732395,7.99840252148194,8.50724763430784,8.95818392109764,10.8842927459003,9.57502362956441,7.8240038907578,8.24459592072736,7.9694609823453
-1.72306714622658,-0.229548846449556,-0.275194450916557,2.40364865194758,3.13490628827768,2.13035626008205,-1.87027216637728,-3.42276911764531,-2.85297428782387,-1.47762375145313,-1.53386661255889,-1.74790972063908,-1.47222741358206,0.0282278533368541,-0.409521233065857,-2.5501622411273,-3.11656095002556,-3.39203615960325,-0.998707923268241,-1.838853779285,-0.507881407763188,-1.62905045398013,-3.35838955474172,-2.13577717657213,-3.2456306768577,-2.17234121726741,-2.74257044285184
-1.51790429999322,1.48074404715925,0.302536713163736,1.0000969075048,0.515896840761468,1.49284491723298,-0.425173429863841,0.143870315443296,0.748427547849473,3.07348362109113,1.97549419153658,0.641074781435598,2.20766037076209,2.98136544518375,1.0178315469251,1.82316650793254,1.05642863600562,1.64789867944182,5.16384833664639,3.92742709218221,2.93189166166855,2.46071864266999,3.70378591307231,2.61469090945837,5.48033715597795,4.07253373647738,6.98228729013628
-2.19788067955353,-1.87370948799623,-3.1840663640465,-1.79986739801054,-3.63037092388552,-4.00711201898994,-1.90393878207856,-2.65827471190964,-0.449729979716041,0.555450178285844,-1.18808006245967,-0.419938598056087,-3.63832743729454,-2.00742607235639,-0.244597603635446,-1.96298401839893,-0.934097115373235,-1.82654924431916,-4.72291310010416,-5.54099695672127,-3.50832220547535,-3.02870969839249,-4.78415032764847,-4.99628461813044,-4.27538097428665,-4.72027576615908,-5.60188098546787
-1.44072032293588,-1.06703557756281,-2.95320201406031,-0.221702373493415,0.104157302375149,0.481896142389776,0.442322608155454,-1.12385731351852,-0.791125688735867,-1.91072649191893,-0.730932480997607,-1.30924724238695,-2.83095620286195,-1.49324982683608,-2.04403132056556,-0.284867730032535,1.17134095112273,-0.154746340329794,-5.88475091544274,-6.72737939120869,-7.66260268639254,-6.53910641321291,-5.32336032321618,-7.65905859416898,-7.23308587104998,-5.42579740986007,-7.31550772895249
0.6569308454571,0.305706860862662,-0.0678749222373953,0.769556780955602,-0.0992755805967868,1.01481661750523,0.0195052241704324,1.54730777285792,0.678325819718898,0.0916683034060326,0.0304715479361812,-0.427747292695319,4.85072974909996,3.33202175465024,3.51026938244278,2.95201851382745,0.0287290137569607,0.51130964300571,3.27379256808711,3.58841446441826,4.74965110608727,2.84587780278356,3.37779634662059,3.9046909797311,5.9859733053503,8.21683673085271,7.21383612981747
0.938325891832446,1.33781742082413,-0.0592097649665313,-0.798797211969302,-0.785315775687318,0.137004546762981,2.20589024977886,0.294485268774127,-0.525401188090442,1.00690030096229,1.53231453371024,-2.25443901834705,1.19213292860142,-0.120135919764739,0.353989611433026,-1.34397052363493,-0.279790056383403,-0.413041399636486,-1.09083935851463,-1.66109852397321,-1.52367937046458,-1.15447429433932,-1.26227660422327,1.0167030081864,-3.47308855946078,-1.47696881656583,-1.36971928957681
-0.388679828452807,0.811601244974211,1.42365150573803,3.04820890695444,2.08128835548425,3.15716816457305,2.64283944899246,0.643413260790371,0.449186364862879,1.22702649395026,0.469306731997674,1.30227470303164,2.26772071486912,4.37032719811253,3.94137989178058,-0.547483793303407,2.89037078861345,0.942055367408646,-0.942946209502062,1.83471062761562,1.33782614962856,2.65317863151421,0.208909859281538,-0.949290881319231,0.447853392623976,1.10450393174792,-0.476701200231927
-0.00578415104253582,-1.94358367362125,-0.532884857383404,1.5579916004509,1.41400941964365,1.91299517503763,-3.77005246552485,-1.80156023912674,-1.37723813998231,-0.0219723653557944,-1.49792961838157,0.110044296318164,0.541088745870501,-0.0597085572686298,1.21502592299342,1.39535558579479,3.31069381172512,2.36450378775282,3.38084144113345,4.8846992382317,1.45953221131098,1.22210052500845,0.492739189365719,1.44429047223922,4.20452948621524,1.33641841407808,3.71170514176818
2.16679620930526,1.29970879745174,1.41282302578615,-0.156524740099069,-0.407271449847564,0.888912183126038,1.25065714023814,-0.175007952674848,-0.523672219096864,1.83903875534337,1.3449111529366,0.30661276344853,1.37036426911566,2.02602963069746,1.50783782708173,-0.305715929122489,0.545335367220296,1.35036800759638,-1.33636086695821,-1.97978830680633,-0.351276249772938,-3.2150174018794,-2.83392802501056,-2.18036869283594,-4.02551130938255,-2.4974259569194,-2.85685598114858
-3.62213766586922,-2.08732809607194,-2.20889176422704,0.432635970216545,0.489581503851499,-2.01974216897284,-2.8314884083017,-1.23695019441834,-3.35951609289479,1.12585449572415,-1.16568296582603,-0.709751278810314,-1.04059141116871,-1.99544262146597,0.531565212679992,-2.56324362268368,0.35755548371875,-3.53564477558624,-3.50866757030289,-2.1797112413718,-1.42322192299201,-4.30399837853257,-5.26162941082679,-4.95648977325611,-3.83769920591901,-5.86736288975787,-6.57211699167684
1.53078808412259,0.779523868727871,1.1258792457425,1.10043820110087,1.29565233955204,-0.869555432126266,1.66716819441281,0.495472257363111,2.01564899703801,0.107991391411343,1.82609453472549,1.33084485807618,1.65408025416114,1.53148965369792,1.45304338738374,1.14282179741598,1.96780834802413,1.46276052295571,0.440425001732272,2.69872057266746,2.44062956923185,0.123043597277031,-0.830520931576717,0.64424673184869,0.768935238410086,1.08519369427566,0.353132691309109
-1.55187956559738,-0.943545444190523,-0.750950539289363,-0.79431148593297,-0.768775672923554,0.109729640828303,-1.50447936663625,-2.92163801530001,-3.34003104994481,-1.37689271159253,-0.662572737865814,0.948998720298543,-0.229203052145974,-2.11506935437412,-1.65823940012541,-2.18689339553479,-1.01222693443391,-0.115349817821503,-3.47457286548829,-4.11730546879683,-4.25532273414207,1.49632920232167,-0.478194402175936,-0.832534408118557,-3.22509857321878,-4.1375655245171,-2.97340594960998
2.11059474289735,0.0614026825565824,0.307987139868277,0.398349745488376,-0.818650878059372,-1.06780462412305,-1.31212324553756,-0.224626252925667,-0.130612631594892,0.183930431303879,-1.48331265377747,-2.63051465157857,0.328619179810236,0.534434798171188,0.0558479340089323,-0.429874482551296,-0.716262743327771,-1.51559258592223,-2.73715024193333,-1.8103093621007,-1.71888667831787,-5.46914564924227,-4.37345816892104,-3.3621372226613,-0.0385366949869013,-2.58292990678926,-0.720810335000766
-0.370625845427767,-2.60441902038322,-0.373596859481619,-1.081497013825,0.866075062745909,-0.0490387880687589,-2.23402336257909,0.193132687700853,0.430347644182373,0.0958382964353751,-0.798316854911951,0.559229890376038,-0.701135358646216,-0.56177692745516,-1.03129450742912,0.982752496471921,-1.03075681737677,-2.47441896877964,1.06749189999091,1.21058803305953,2.41487559214108,2.18914302246236,1.91892040504552,2.51968072552763,1.00972458721082,2.0174715110615,1.23557575254622
0.68889974295135,-1.18260975397745,-1.2990793920015,-2.11840529525509,-0.684587899563313,-1.23683918990468,-2.27362782847297,-1.84774023987769,-2.93661849943857,-1.79523475020108,-2.047915542329,-0.101794167162671,-1.40311548010241,-2.71844960143886,-1.08321770611957,-1.68690600077867,-2.68135847824125,-3.06029772495187,1.62537159870953,2.32691717510073,0.253222960519676,3.68577832652587,1.73624218691517,1.73701457126111,2.79799971247219,1.46329988599345,2.96957543675158
1.95873116268419,3.62569666872013,2.86872893294566,2.53684492666677,3.64978379504387,1.54618756896004,3.56681268434902,2.71751126031002,4.25528256184558,1.54283961924077,2.15536313341877,1.73417057877591,2.71402664262087,1.14953222053816,0.906458881167139,3.33513380824773,4.9189257245759,4.35431519879504,11.2772723750311,13.8406033794178,9.41885073238408,11.2790435439349,10.4543808994882,10.7662301004061,12.4287384414821,12.5312955413547,11.5828212133805
-0.317363515786485,-0.0617832073362996,-0.493386924351683,0.273687015158556,-1.2195725538487,0.267817883875323,-0.995988284270506,-0.964505296534715,-0.35733757373885,-4.01258432926902,-3.84602186359395,-4.07701298092058,-0.300294285924311,-1.68075434063942,-1.72111454348657,-2.7547748259568,-0.87936313801061,-4.18512365231585,-7.10548555140449,-10.2863232411396,-10.0921138912984,-7.42613688895402,-9.02385279049722,-9.04441821244423,-5.9692204040489,-7.95801419003126,-10.2001121252076
0.688981572667885,2.03540426125702,2.1278683346196,2.42155901056287,2.81871095165919,3.29783248927937,1.86424401242545,1.99506475149721,3.67573869710833,2.16599284517367,1.89598865085192,2.86676598703117,1.07456803322097,0.725777756756053,-1.12428607781419,3.04040378594108,2.42046782441906,4.67427114814801,5.4600397843962,5.73195873444657,3.0416069100515,5.70332068582929,4.16631399283472,3.40120255783291,4.00171118822219,4.42435339007426,5.15305619942257
-1.36754567941355,-1.27554309320239,-1.3956742391303,-0.6385106118551,-0.283530495135213,0.902756168190976,0.359801454972771,-0.523706464578926,-0.421784578198719,-2.04204419998754,-2.26702726988587,-0.125872470837044,-2.04536720780104,-2.18061605052583,-2.58653536830988,-0.740615245726863,-1.25146543031665,-4.19211663830882,-3.94152457376742,-4.28283387449746,-4.65810081877408,-3.40716129702283,-0.826999935126281,-2.00915707433181,-2.86257622888922,-4.29395976019651,-2.69331042795975
0.907925231408053,2.1774125671511,-0.364293109298718,2.89639419348906,3.91671772113497,1.41560329571657,2.89514226657191,1.57946263086487,2.79678616837909,0.482850347788652,2.41140237214842,0.480038429459666,1.66345509781868,-0.686840877582807,2.14755588298599,1.51995695926761,0.538497681175496,-0.281214165890355,1.65321159364723,0.783996251716281,1.80875530862316,1.5399091642201,1.66513412540999,0.384722812909748,3.76538343403193,1.71178217064451,4.22653838545793
0.62984129979834,2.02721689504955,2.40985230824185,1.1999461164683,1.39016444937535,3.47044194296197,-1.61128534593803,-1.07751701644904,-1.84105221146769,0.97199668128987,-0.139192898371523,-0.754678291402557,2.12094753896014,-1.25317921913391,-1.90505963477388,-1.09226723379501,-1.81070580814342,-0.396772733093618,-0.281071230383453,1.90482625431308,0.585058690101721,-0.470522186499831,-1.08947013118607,-1.52164149196548,-1.44063012602587,-0.140951666308179,1.27179587211641
-2.16399101170585,-3.38844646610192,-2.18201594420555,0.347331368945917,-0.172000825870406,1.20269885579621,2.00654562148036,0.982668754662879,1.64079805467506,-0.859558037242972,-1.13760675426226,-1.15676610010367,0.235464671670152,-0.963714063811866,1.6099852715912,-0.768170038446233,-0.586266391172809,-1.12178637984793,-1.27677340935365,-0.967076393483323,-1.0120151687819,-2.36340059744086,-2.4902532138116,-1.65554761176049,0.754702740925344,-2.45532568629239,0.19066228267836
-1.57399550463925,-2.92560612614649,-1.84293776104665,-3.77601094282927,-1.21548996351938,-1.75552949391263,-0.479091663237295,0.0472521542312743,-1.63377277903573,-0.267281547867449,1.40354355550353,1.96300673600717,-0.632557236912377,0.420991458010688,0.239840169815187,2.32563062291892,2.5419718511252,2.5156575616191,1.34850387647197,-1.67108119679113,1.97272963650496,-0.743993640778018,1.18732627817294,-0.799993098329461,1.11090156989575,-0.487397903890043,0.639893948519238
1.42850377762553,3.08341399304259,1.65776824093156,1.29644901251849,0.569479422487708,1.19135704843919,0.291772988134435,-1.4941931571902,0.152243128153459,1.82952855640001,-0.693918412061115,1.38154116722284,1.85292493781604,2.84966913835185,0.319457025881345,0.125801795068171,-1.19694631788264,-0.000394195893474225,0.534502471490448,0.228196160856157,-0.395943272512292,-0.39586094446027,0.307636375996844,-0.495868772604552,0.0889915175920368,-0.324840027833653,0.0675004064299055
2.25966325451196,-1.29758099161279,1.32352029013778,2.26909038923515,1.91579628281316,1.24450244064331,0.288832384699971,-0.390736693527061,1.49755421064887,1.19753167873123,0.0609965723207417,2.2952598433853,3.37681161619918,1.45131425475844,2.39938914978289,0.380599924754335,0.782283095289384,-0.384666048989216,2.14676907010769,2.20801748863395,4.00992693451426,4.0213595652468,3.89418571600117,6.3464720977793,2.11198226046038,2.73187430530665,3.68435037609352
0.380858898403766,-0.337072112637012,0.535248313457425,-0.649748624101769,-1.47172908867961,-0.233384212930048,0.843578808423562,1.09368503172711,-1.23869474492396,1.56043001415939,0.982650970166466,1.16754343873955,2.78876560790341,2.1064733781924,1.31859693230316,2.33269792009735,0.286012923879447,0.901280927070586,1.59530927977554,0.398502457157952,-0.253929214528456,0.807968027162368,2.07069185127405,1.10563210718779,0.0551323193861263,0.44897938016237,0.856116509223411
-0.928254278504061,-0.692353945401565,0.306080631371795,-3.24855220609579,-1.94534414504081,-0.889785358457505,-2.42378133131282,-3.65648058368597,-0.809282341971366,-3.14279050926647,-2.87565843293697,-2.31210292149056,-1.80089392073578,-2.58061162883735,-1.17940536459927,-4.05914720460719,-4.54847707333854,-1.74687685924534,-7.95687747515821,-7.97420114555735,-7.49188623668641,-9.50712102876787,-8.28188117396291,-7.7830022715733,-9.42094121202024,-8.53305856215854,-6.99577662939566
0.465041295575591,0.339226801572052,0.25214143424579,0.992370523942354,3.31340382040644,2.81624042040003,2.14191284217225,1.35821357396004,-0.657798580819424,1.07792783388007,1.91728169987621,2.50314284866555,-0.491318778563542,1.49510497387844,1.42960496031751,2.32504537967291,0.608714158853208,-0.71659187227986,5.17895028064399,3.34969813290734,4.44118698661778,2.72586076421075,2.18441538213801,0.625887988667694,2.76633226098442,2.47130079498466,1.9828607907586
-0.946690809444768,-0.0682254960390591,0.298760606234019,0.149924737694893,0.396982245546693,1.29932022528324,-3.2558252441943,-2.84115697663231,-2.24107787038007,-0.0813454362484503,3.04237711325599,2.40998741900594,-1.56320185841801,-0.172289671540103,-0.0375115426537864,-0.525690814345387,0.288058202461284,2.51986657100452,0.419039847744466,-0.0247355302470466,0.471169689906906,-0.135968838764016,-2.88010391610416,-2.15559061133836,0.28002982747489,-1.06593044734642,-1.39243801707559
0.789132877189813,1.13027536274476,2.082892885009,-0.0309155222093178,1.08075455489565,1.73334225931297,1.66138906979059,-0.109626944432255,2.59913892293648,0.114038406379482,3.20642516142603,-0.189972489093714,2.0778119383628,-0.963344661272665,-1.04516620297185,0.218655320464021,0.248647385927977,-1.36111046413909,-0.048899402397946,0.696628238368951,0.557724045739924,-2.51780510050952,-1.61329472691044,0.204927520688156,-1.47230831167766,0.168273266696064,-0.773545225881007
-1.38005533696806,0.962911293286806,-0.447145293729861,-0.211078552188264,-0.320588013051719,-0.982259092804414,1.32792400907169,1.78617583326006,-0.178254351386389,1.46825220379692,0.249936066900726,1.14835799519928,-0.129647102217089,0.436044360626488,0.901951641968799,1.64534975527439,1.14829602824001,0.625929098285105,-2.9413429081702,-1.44926172573667,-2.05731410643298,-2.00759537290187,-1.3300120962336,-3.72706037265822,-1.51543754391187,-2.23410368105539,-1.07307193495919
-0.393911825322332,-2.09467425020692,0.100288656091286,0.290681038423119,-0.971166841631032,-3.26249457430097,-2.26951585598379,-1.75045523769474,-0.648263888273638,-4.27321775248471,-2.02596965432792,-3.59572085258372,-5.16132144080419,-5.57825544849437,-5.90262590185258,-1.98509630014337,-3.57996995227699,-3.80759691133547,-10.6285955292703,-9.33301553530336,-9.89272816658181,-10.222645573838,-9.32224387014805,-9.28848122848179,-9.82431132180034,-7.67165793956434,-10.2531628587349
-0.415073922875631,-0.674995695701408,-1.86029597188468,1.35195979377946,-1.24521753214165,-0.0844650392782639,-0.19857863747689,-0.424080594577935,-1.1944967726397,-1.23261722143084,-1.81991760174515,2.13132433174534,0.835326532864843,0.448972034988171,0.830054492305887,-1.68862894061669,-2.85927966038305,-1.13913026140389,-0.990048525644465,-2.83240789196637,-2.31624870692968,-2.40393181419768,-2.68897845298303,-3.41111088342841,-2.01125476869666,-3.54186765013162,-0.242265602020561
0.696017928487167,1.64775346073681,-0.237265980644169,-0.0378744161038339,-0.0279764520478932,1.64405982309256,-1.30095990504636,-0.352893214161664,-2.51854539380157,3.98466140673335,0.953824919370457,1.46779886720105,1.03121929975181,0.627085067440129,-0.58056848464417,0.156141837800324,-1.77078039316797,0.938807964778212,1.75836029658957,3.68126385778353,1.24985655707753,1.6569701562034,1.99129371160071,0.902528108201617,0.768547760645213,1.5940284583031,1.6222835188752
-1.15755575490829,-2.36764400003515,0.388439849525483,1.44836470101338,-0.391044350169839,0.933697225999948,-0.800766252859945,-1.98108872073562,1.20773982163589,-0.440536034884032,0.561379919435958,-1.91131387681354,-1.70354407994557,-2.52112953958303,-0.475796058515406,-0.744630159606271,-1.1817731315327,-0.0616846175378423,-2.25221107624922,-4.13489110423592,-4.04650382642059,-3.94266909108438,-4.27802187042206,-3.93236899182634,-4.15475395993729,-2.43336390158017,-4.98830746702165
2.6923932226158,0.349289092190306,2.47935473207517,2.02769757271026,2.30769673402018,1.73039171165831,1.36533715098987,3.50493162436242,2.86921528678262,1.50475813969833,3.57196800154122,1.21794345391823,2.15555288607237,0.665787199575642,1.49239810769407,0.455317054383278,1.14921634309466,1.00685397352994,1.67488856787995,1.22865897383429,3.88753132653729,3.90196899323632,4.72416884429394,1.96567456626136,3.81419355373033,2.32625754998476,3.48695397993957
-2.90708791300083,-1.79482866076904,-0.861618618523017,1.29126336501848,-1.14017206932816,-0.718778383050979,-1.13232313178183,-0.430817372760187,0.227688390121294,-1.0675032044525,-0.170940803495825,-2.83545482077193,1.25211511605069,-0.22440313993567,-0.406094131122131,1.62981426721465,-0.511266325062238,-0.195013313083497,-0.868995152638053,-2.35880248388279,-1.96977808956116,-3.80237933865304,-5.26224327275857,-3.27267727197142,-6.26952188257293,-3.8997552514142,-6.07657882108033
-0.609677867017521,-1.18161205044037,-1.17897790864479,-0.557048662160182,0.557296328705727,-1.27677330049845,-0.436824302839205,-3.37048573834241,-4.87670457640109,1.40570398547751,1.50652316342229,0.971721489641881,-0.407079281598938,-0.076237349645475,-0.348297180852152,-0.180106766248547,-0.253149180118568,2.49108415389845,-5.15465160450857,-6.50097419197952,-7.42698076932384,-6.68397168707737,-7.21896561364366,-6.85734762123351,-4.57043498301158,-4.80450646578904,-5.60710039035001
2.24681039468308,0.734784362797954,2.09802355992693,2.27412347358156,1.82652010736835,2.1216767953461,-0.0895632988858109,-1.68598752615079,-1.18368721911022,1.15170496413772,2.41531172876238,-1.50424478553407,-0.541015697588759,0.145546462862257,2.27597306987328,2.43185901157664,2.59011467160529,2.04395388896251,2.16311470528423,3.94632440443815,4.65965748818787,3.32454811478829,5.19678809247526,3.89255100484944,4.49298535844958,4.3067969685021,2.33443880144589
1.13000716141469,2.25168153254493,0.627568517625311,-0.676500415694068,1.28432427709444,-1.61574589380726,-0.127635332907281,0.23819064607888,0.455605481802603,-2.59952791984623,-1.3114095357175,-0.678195074841839,-3.70934308537877,-2.88670393411965,-1.92336662031939,-3.1333980998641,-3.15979440142717,-0.805281891732233,-6.87215536653836,-5.30915359813384,-7.04578124548095,-5.46342423135299,-5.00890921210408,-4.86435822465867,-6.88159400484771,-6.01962880430964,-7.03540037105703
0.664628476234586,2.4031120156303,2.88298429560978,2.87702513788319,0.00590869141453965,2.69467947559192,0.606173509567027,0.491081786842394,-0.192617378531513,0.49338506503367,0.162169381669113,0.180574991494742,-0.130415211637037,-1.34408320908992,-0.729427789135914,2.56766531981427,1.53326606545384,1.85580959554349,-1.52180614031605,-1.90413841686858,-1.69871439538163,-3.45426853032043,-4.45188278417965,-2.51975204556235,-0.558833702491667,-1.60764955561918,0.554115297432396
1.34981219295474,3.43289130519017,0.675874828853557,1.06464780776927,1.03279380557812,2.52629718332081,0.758534967645875,1.168500153452,0.364069655105798,2.57983161323314,4.12405036469235,2.32420274817224,0.156182219197367,0.788739937806545,1.95446088829921,1.44764405359141,-0.640346642729999,1.39520694063337,6.35938215375534,3.11883715833798,7.00093336627249,0.911341791548412,1.19279010654691,-0.88830625831766,3.42103326661112,4.8439496672114,3.74013308905707
-0.0816554800004633,-0.320018169866799,-1.06422592258034,0.685725896444426,0.643438726834784,0.401285792539094,-0.331629942256544,0.653266567627866,-0.286774298986147,0.242003358575748,0.528839864038005,1.04095633154665,2.24176225633907,2.91760608775828,1.84866514944071,0.323245163707281,-1.56873531689263,-0.178026466153306,-0.759468499386659,1.4967717801358,-0.349748058143753,0.124144463266093,1.77213062175227,1.25429765324269,2.77878223626434,0.706475843835385,2.26611947494351
-2.30756508278827,-1.55218251449858,-2.82356517524895,0.91841674328903,0.820092589018904,0.0480266333055466,-0.817777406060007,-1.31261667851952,-1.37632324715522,-1.506398400755,-1.68852278603471,-1.75242241940196,-1.89997411708839,-4.68306823188792,-2.56139294071453,-5.05812914094126,-1.81889871487409,-0.867216400063525,-6.53289519549919,-8.93490506460512,-5.23807444954801,-6.21673630782004,-7.78557955366081,-6.8082054542723,-8.32872790152778,-5.72121609492673,-8.17471864157719
0.583640825929545,0.0855283499683187,-1.40069856205832,1.14866029787271,-1.1726618860149,0.623571541531524,0.0545054366109943,-0.48758046507859,0.439659516613752,-2.44646589944708,-0.0159423141701895,-1.48771557444159,0.183696271453051,0.101318099749624,-1.10163100965324,1.62560596175574,1.03770117111021,4.31564776283449,-1.5517735828636,-0.441910741525439,-0.926010816502018,-0.0197315860786355,0.541151590208786,0.67340525282979,-0.911228366300631,-0.430811256842332,0.786171714511989
0.601025661485383,1.03824046731311,-1.14327570274162,-2.81624967121415,-2.75444921260125,-2.64154741833501,-0.23163159294619,1.67154077123894,0.726695653713854,2.36650404670622,0.79475272532312,2.02106106234355,0.579117478645415,1.58605170396213,-0.340072747100554,1.6146541375195,1.00007829926456,1.38099561162414,4.55618107184847,5.9810575233699,4.89728537564598,3.15219346988392,6.42620602312111,4.52565771639524,2.62560799675424,2.2487560450972,0.944265909429924
-4.11584432953983,-1.58038095023187,-4.26055788065897,-2.32394836491491,-0.350149251142197,-3.06374674352196,-1.53017123883316,-2.62188630334144,-2.90802786687731,-1.52639565568264,-2.28525409711679,-1.4132233497328,-0.585168018268628,0.401077147643572,-1.40827372564158,-3.15585713852229,-1.45018571097129,-3.2480522900751,-7.0910664229535,-7.54741118683376,-6.77011133708138,-7.42665801070134,-5.07480796531797,-6.99089459409564,-2.25836207199289,-4.19807454297459,-4.57783830872963
0.0263704909978173,-1.531388201968,0.151560337015316,-0.737912109699478,-0.139743384994167,-0.263943257341735,-2.79805856919942,-1.15979395309555,-0.606492741091784,0.840779728428744,0.531884788844945,1.14694568477389,1.04952998866243,1.58242695949903,2.0130851618638,2.31578655088643,2.01677867717514,1.79962911589654,1.14293281145493,1.1466190073104,-0.304146810562834,3.24688014306804,3.58028321290421,4.2686715762799,-1.94698272140491,1.48762391303085,-1.06556707236836
-0.675212742199727,-2.70517849348647,-1.6166474237268,-3.38510113292154,-3.43452033483727,-1.53580918675112,-0.76475618276213,-2.17282941013804,-0.0112018172674852,-0.0416533083851793,-2.52327547814783,-1.30245592658937,-1.92725762660922,-2.19666159520573,-1.79090511063686,0.712753245325703,0.17800003559088,-0.0394731177043481,-2.97607739517073,-3.83593527359819,-3.26168550783401,-2.44859818128438,-2.13488567407272,-1.64667535197982,-0.464512394012545,-0.782525498270993,-1.19328578594294
-1.40431523759832,-0.2034640523218,-0.648287493816814,0.750895627799097,-0.975979843803978,0.731630321999213,2.01088266846827,2.27842945108037,0.229099132471115,1.11750007698315,-2.10838825065144,-1.10265635974879,-1.38315674888739,-1.82474956679616,-0.140548887095406,-0.532145210584855,0.104254183745633,-0.0340001161770853,-2.26538295165353,1.44020050587378,-1.45217894987209,-0.389404389775515,-0.426427289861263,1.16834165598441,-0.473764718182163,-0.183880026298161,-0.235077635401557
-1.48161413975644,-2.45232963415368,-2.75121341682366,0.0879438692282688,1.64970455162873,0.423314235791964,5.2544230544289,3.87574389494139,3.77914146937023,-0.139844792104472,2.27665208575022,2.19321505519484,-1.2702041003053,0.791353974189642,0.749579372547573,0.974994558531455,0.611089767212214,0.911443066202698,7.36583701877225,4.25471083909981,5.25259911339302,7.64851790474734,5.66078221401878,9.07301026148044,3.3745019467062,2.58389996578807,4.34816303071648
0.812839727970056,0.753119778506567,1.22382930948707,1.06461314704331,-0.766566725857283,1.67873500401125,-0.144483197954047,-0.251437130486386,-1.40526020144777,0.354818646426699,-1.19204658874195,1.23814994885353,1.13596331025733,1.55072678491452,2.19157573056296,0.622506715910864,0.311992852278768,0.30166024555722,-1.12021509248391,-0.188678313610855,-0.273579706655652,-1.82619660330543,0.333851919601752,-0.735375550178402,-2.15485830119227,1.62317013849565,0.802848815661162
1.81915106191869,-0.677304868972683,-0.701867470903974,-0.823571383670918,-0.520737653981951,0.584377201438971,-1.56167080611454,-0.0644452021768416,1.11431597570237,-0.168600095173877,0.137825348374533,0.790971320573586,2.51373282465725,2.77538870772958,-0.356103467701511,-1.26105912059733,2.91139999941107,2.48067278468152,-0.727499519812096,0.335043015843647,-0.776698556788148,2.80340590769882,3.53925337841241,4.05872464777773,0.252337419422273,1.82050615937769,1.0144414157935
-1.05938469612343,-1.75604421888297,-2.02582288637035,0.619059024243089,-0.795497025128478,-0.101222374002654,-0.689207773369321,-0.208514553475592,-0.110979469407041,-1.76693922170725,-1.24581405078198,-1.68392790805358,-1.54621600179003,-0.215241068672073,0.0316772269884786,-0.81748354213065,-2.16854380715983,-2.98872057212761,-3.59245638759461,-4.53187528143674,-2.9539932201186,-3.79739324932976,-3.01885450951196,-2.00377974716487,-4.3011111402852,-2.62412092442453,-2.82896829900419
